timestamp,open,high,low,close,volume
2023-11-10,7.517,7.855,6.914,7.855,83628.2725
2023-11-11,7.844,7.908,7.062,7.221,66399.7132
2023-11-12,7.215,7.4,6.795,7.322,65208.2940479
2023-11-13,7.308,7.7,7.105,7.207,89065.2173
2023-11-14,7.209,7.777,7.009,7.627,67763.8403
2023-11-15,7.625,7.876,7.303,7.472,52105.4536
2023-11-16,7.469,8.158,7.075,7.181,69044.1114
2023-11-17,7.179,7.969,6.741,7.169,53385.1716
2023-11-18,7.162,8.14,6.769,8.102,103249.4657
2023-11-19,8.102,9.4,7.692,9.107,143010.7895
2023-11-20,9.108,9.288,8.12,8.209,96130.424
2023-11-21,8.214,8.421,7.137,7.241,167828.3524301
2023-11-22,7.24,7.99,7.215,7.818,59945.3995
2023-11-23,7.818,8.0,7.568,7.675,43561.598
2023-11-24,7.676,7.972,7.335,7.781,63417.4873
2023-11-25,7.786,8.138,7.726,7.89,38293.85989744
2023-11-26,7.89,7.918,7.366,7.718,33251.7293
2023-11-27,7.724,7.804,7.252,7.453,40607.4759
2023-11-28,7.455,7.99,7.135,7.912,75381.3577
2023-11-29,7.915,8.131,7.681,7.737,45314.6789
2023-11-30,7.744,7.912,7.624,7.851,41525.24327849
2023-12-01,7.85,8.665,7.783,8.426,80989.257
2023-12-02,8.408,8.948,8.154,8.201,84375.02242801
2023-12-03,8.201,8.85,7.855,8.028,113882.90087
2023-12-04,8.027,8.363,7.15,8.25,118995.4811
2023-12-05,8.26,8.505,8.007,8.382,76846.0979
2023-12-06,8.386,8.898,7.817,7.884,62499.847
2023-12-07,7.884,8.55,7.825,8.454,84638.5934
2023-12-08,8.465,8.749,8.256,8.713,68272.0524
2023-12-09,8.721,8.881,8.002,8.163,101766.2051
2023-12-10,8.176,8.35,7.878,8.34,48095.8918
2023-12-11,8.337,8.355,6.954,7.704,140843.6512
2023-12-12,7.705,8.504,7.697,8.246,64288.23514634
2023-12-13,8.267,8.632,7.747,8.51,54304.92032453
2023-12-14,8.509,9.983,8.5,9.664,160227.11693599
2023-12-15,9.634,10.58,9.265,10.016,122882.557
2023-12-16,10.016,11.663,9.863,10.776,115867.05409942
2023-12-17,10.748,10.82,9.331,9.384,99779.0014
2023-12-18,9.389,9.544,8.477,9.317,124842.3824
2023-12-19,9.287,9.66,8.571,8.75,100348.0393
2023-12-20,8.754,9.735,8.624,9.387,101335.4074
2023-12-21,9.375,10.909,9.002,10.661,158505.6629
2023-12-22,10.634,10.722,9.76,10.13,97479.3799
2023-12-23,10.149,10.409,9.818,10.243,92583.8676
2023-12-24,10.255,11.497,9.975,10.812,201797.0541
2023-12-25,10.818,10.933,10.3,10.549,136928.5143
2023-12-26,10.55,11.414,10.064,10.466,300085.8129
2023-12-27,10.478,10.631,9.933,10.48,90038.0753
2023-12-28,10.436,10.842,9.714,9.714,99077.1226
2023-12-29,9.718,10.16,9.381,9.701,135453.3259
2023-12-30,9.709,9.956,9.625,9.695,32570.2604
2023-12-31,9.709,9.976,9.325,9.653,30747.3997
2024-01-01,9.627,10.531,9.46,10.158,65167.8254
2024-01-02,10.143,10.465,9.697,9.912,67851.787
2024-01-03,9.916,10.204,7.412,8.705,179405.4846
2024-01-04,8.732,9.252,8.638,9.163,44903.6417
2024-01-05,9.179,9.281,8.606,9.004,102149.6631
2024-01-06,9.0,9.004,8.18,8.575,54566.7647
2024-01-07,8.574,8.725,7.94,8.056,56692.7948
2024-01-08,8.056,8.704,7.54,8.655,94455.9918
2024-01-09,8.654,8.719,7.782,8.08,57052.2532
2024-01-10,8.085,9.543,7.962,9.206,96811.7267
2024-01-11,9.234,9.761,8.996,9.498,76566.0775
2024-01-12,9.497,9.854,8.8,9.193,91639.1553
2024-01-13,9.204,10.347,8.882,10.049,95314.5205
2024-01-14,10.04,10.83,9.695,10.135,122741.2948
2024-01-15,10.146,10.368,9.822,9.94,49097.27269689
2024-01-16,9.962,10.152,9.684,10.003,55824.6385
2024-01-17,9.994,10.085,9.647,9.749,41887.4002
2024-01-18,9.759,10.038,9.299,9.625,81648.5007
2024-01-19,9.628,10.247,9.038,10.148,78242.0217
2024-01-20,10.093,10.781,9.71,9.76,70605.0592
2024-01-21,9.764,9.863,9.385,9.44,38551.4501
2024-01-22,9.435,9.549,8.548,8.593,78130.1881
2024-01-23,8.576,8.836,8.101,8.497,35883.2423
2024-01-24,8.496,8.758,8.402,8.712,24205.932
2024-01-25,8.695,8.746,8.396,8.56,16810.8107
2024-01-26,8.558,8.994,8.449,8.941,10770.853
2024-01-27,8.955,9.014,8.77,8.95,18798.4251
2024-01-28,8.941,9.149,7.799,8.769,65043.6526
2024-01-29,8.726,8.966,8.624,8.929,10262.8674
2024-01-30,8.939,9.022,8.726,8.764,12361.6703
2024-01-31,8.793,8.865,8.34,8.413,30113.9409
2024-02-01,8.423,8.51,8.223,8.41,31883.0462
2024-02-02,8.411,8.581,8.34,8.524,18279.7784
2024-02-03,8.514,8.639,8.475,8.526,9771.1402
2024-02-04,8.501,8.609,8.375,8.429,7942.3503
2024-02-05,8.448,8.523,8.21,8.31,6839.8107
2024-02-06,8.312,8.5,7.767,7.865,34985.5805
2024-02-07,7.885,8.43,7.766,8.336,35950.1671
2024-02-08,8.347,8.588,8.274,8.359,16615.5966
2024-02-09,8.364,8.782,8.362,8.756,26101.8567
2024-02-10,8.767,8.92,8.552,8.655,17832.5638
2024-02-11,8.662,8.867,8.59,8.646,15786.1913
2024-02-12,8.655,9.011,8.512,8.989,24734.4253
2024-02-13,9.005,9.595,8.987,9.533,79001.9847
2024-02-14,9.534,9.87,9.325,9.87,27769.5148
2024-02-15,9.867,12.221,9.797,12.141,175711.4292
2024-02-16,12.133,12.76,11.237,11.629,213554.0416
2024-02-17,11.617,13.499,11.473,12.584,143700.17056781
2024-02-18,12.591,12.695,11.906,11.97,71866.78806994
2024-02-19,11.955,15.486,11.786,14.88,386995.94868441
2024-02-20,14.892,16.864,13.841,14.393,429791.25018024
2024-02-21,14.378,14.916,12.981,13.627,175989.5237
2024-02-22,13.615,14.264,12.81,13.562,209436.3834
2024-02-23,13.567,14.036,12.822,13.034,154714.0577
2024-02-24,13.013,14.146,12.552,13.685,131578.5838
2024-02-25,13.685,17.411,13.664,15.672,278889.20458509
2024-02-26,15.716,16.684,14.85,16.31,195651.9809
2024-02-27,16.318,19.654,14.471,19.114,332019.67478843
2024-02-28,19.114,29.41,18.844,28.802,1220603.78206687
2024-02-29,28.823,33.333,26.548,26.719,696281.4260191
2024-03-01,26.727,30.239,26.457,26.84,224023.48545913
2024-03-02,26.819,29.962,25.199,26.951,204166.78819423
2024-03-03,26.928,33.379,26.564,30.19,394932.17558324
2024-03-04,30.255,31.062,27.771,28.555,156745.4190713
2024-03-05,28.581,33.096,22.518,30.799,421724.77429341
2024-03-06,30.799,39.444,29.469,35.813,325231.50408438
2024-03-07,35.814,39.647,34.75,37.453,224640.6749
2024-03-08,37.51,45.0,36.494,42.73,263400.62826068
2024-03-09,42.745,47.48,42.46,43.448,197612.6575
2024-03-10,43.454,44.737,39.494,41.202,119280.839
2024-03-11,41.226,42.656,38.534,39.622,208858.81324628
2024-03-12,39.62,41.371,35.96,37.897,155340.4571481
2024-03-13,37.852,41.038,37.031,37.665,149489.0759
2024-03-14,37.691,39.869,35.464,38.675,210007.9204
2024-03-15,38.7,39.009,32.081,35.273,259498.6216
2024-03-16,35.293,36.685,31.507,32.4,170658.89108469
2024-03-17,32.431,40.93,32.025,37.617,315616.84209596
2024-03-18,37.615,37.685,32.409,32.954,173056.7315
2024-03-19,32.956,33.262,29.111,31.122,141810.19029429
2024-03-20,31.134,36.491,30.424,35.133,169089.09309936
2024-03-21,35.14,35.6,33.315,35.438,80174.27047781
2024-03-22,35.383,37.821,33.677,34.761,126980.0156
2024-03-23,34.761,38.977,34.524,36.146,137287.58453672
2024-03-24,36.071,38.468,35.375,37.621,63369.36212301
2024-03-25,37.641,45.355,37.018,42.548,249902.0607
2024-03-26,42.501,44.334,40.341,41.119,170737.4676
2024-03-27,41.095,44.566,40.447,42.692,97530.8117
2024-03-28,42.688,46.585,41.325,41.496,58829.142
2024-03-29,41.531,42.653,38.591,39.091,25527.14480474
2024-03-30,39.139,39.545,37.58,37.799,26121.0459
2024-03-31,37.775,39.466,37.649,38.795,21408.80910575
2024-04-01,38.726,39.369,34.407,36.017,45266.8558
2024-04-02,36.017,36.017,32.99,33.928,47549.6031
2024-04-03,34.051,35.114,32.598,33.357,27289.384
2024-04-04,33.356,35.23,32.256,33.493,36763.12
2024-04-05,33.49,33.49,30.564,31.731,27266.6009
2024-04-06,31.71,34.247,31.499,33.623,19858.5237
2024-04-07,33.586,34.525,33.081,33.859,18800.95214981
2024-04-08,33.83,35.904,33.035,35.18,40551.4483
2024-04-09,35.155,35.417,31.433,31.876,32809.6921
2024-04-10,31.853,32.018,29.179,31.174,19323.3176
2024-04-11,31.117,32.69,28.6,31.028,47667.9848
2024-04-12,30.985,31.453,18.693,24.652,128503.2538
2024-04-13,24.556,28.933,20.373,26.025,189827.10154957
2024-04-14,26.0,28.954,23.365,28.538,105642.5432
2024-04-15,28.458,29.168,25.261,25.762,56422.4982
2024-04-16,25.714,26.264,23.525,24.543,86677.53352792
2024-04-17,24.47,25.235,23.002,24.418,34829.2631
2024-04-18,24.413,25.564,23.62,25.084,34176.8842
2024-04-19,25.118,28.238,22.609,27.46,46310.8437
2024-04-20,27.499,32.971,27.216,32.491,39964.5484
2024-04-21,32.505,34.651,31.907,32.769,28479.77947251
2024-04-22,32.809,35.853,32.394,35.268,51546.9845
2024-04-23,35.226,35.94,33.327,33.457,43237.4339
2024-04-24,33.456,34.641,32.226,32.975,48384.0366
2024-04-25,33.003,37.957,31.036,35.838,64895.0885
2024-04-26,35.792,35.968,30.776,30.933,54380.82349702
2024-04-27,30.865,34.601,29.586,33.51,53236.49109994
2024-04-28,33.615,37.744,33.411,35.867,44476.51788152
2024-04-29,35.815,36.968,33.744,36.145,42477.79279595
2024-04-30,36.113,36.664,30.04,30.219,64005.2364
2024-05-01,30.192,30.891,26.53,28.66,125872.822
2024-05-02,28.647,36.192,27.228,34.43,96015.22489823
2024-05-03,34.417,38.184,33.595,34.559,85959.61439428
2024-05-04,34.527,36.836,33.687,35.876,74464.1268
2024-05-05,35.904,41.712,35.146,40.57,105068.2873
2024-05-06,40.578,40.963,37.718,39.761,80307.083
2024-05-07,39.79,42.574,37.34,37.763,68469.5106
2024-05-08,37.811,39.648,36.137,37.355,51632.5761
2024-05-09,37.465,41.949,37.455,41.19,61487.4653
2024-05-10,41.221,44.998,40.808,41.55,71986.17610281
2024-05-11,41.541,42.391,39.163,39.94,35539.0352
2024-05-12,39.995,42.88,39.867,41.894,26612.3175
2024-05-13,41.938,42.611,37.413,39.342,73265.0552
2024-05-14,39.352,40.571,37.76,39.231,34900.286
2024-05-15,39.29,46.802,38.645,43.774,101560.61559281
2024-05-16,43.955,45.788,42.364,44.32,37750.4637
2024-05-17,44.347,49.166,44.347,47.623,69192.72800832
2024-05-18,47.571,48.511,46.699,46.921,21123.16889808
2024-05-19,47.035,48.432,45.636,48.053,24105.67049941
2024-05-20,48.053,49.55,46.041,47.533,46538.38299573
2024-05-21,47.483,48.46,43.496,44.327,60414.67389602
2024-05-22,44.31,46.936,43.516,44.807,59771.3652
2024-05-23,44.615,47.616,39.648,41.193,85453.3987
2024-05-24,41.115,41.4,38.862,40.814,27509.8305
2024-05-25,40.813,41.023,39.745,40.294,17575.10569057
2024-05-26,40.269,40.455,38.184,38.435,16911.1858
2024-05-27,38.455,41.328,38.455,40.282,37663.85383517
2024-05-28,40.271,41.443,37.627,38.057,43542.57153421
2024-05-29,38.094,39.7,36.787,39.071,28184.649
2024-05-30,39.199,44.747,37.224,44.033,101091.38160131
2024-05-31,44.005,45.847,42.574,45.257,54163.48999625
2024-06-01,45.341,46.697,42.62,43.114,33984.1504
2024-06-02,43.185,45.696,42.719,43.429,34137.7926
2024-06-03,43.459,44.38,41.876,42.956,31884.2194
2024-06-04,42.989,46.5,42.418,46.296,40136.98939868
2024-06-05,46.295,46.41,44.025,44.198,52596.6202
2024-06-06,44.179,44.67,41.32,41.833,35630.635
2024-06-07,41.844,42.706,34.281,39.012,88896.8024
2024-06-08,38.9,39.668,34.625,36.872,40663.19
2024-06-09,36.817,38.36,36.349,37.645,18862.1467
2024-06-10,37.646,38.379,36.093,36.58,23527.3879
2024-06-11,36.634,36.697,31.679,33.179,67293.0818
2024-06-12,33.173,36.331,32.293,34.928,61497.8685
2024-06-13,34.852,35.602,28.502,29.093,111078.6742
2024-06-14,29.065,32.328,27.105,28.492,80724.01309877
2024-06-15,28.388,29.493,28.278,28.282,24899.2501
2024-06-16,28.299,29.024,27.738,28.634,20593.251
2024-06-17,28.624,28.909,25.873,26.562,54694.2618
2024-06-18,26.523,26.658,22.728,25.923,88657.32406568
2024-06-19,25.9,28.829,25.641,27.208,57159.8512
2024-06-20,27.149,29.372,25.849,26.039,55858.469
2024-06-21,26.105,28.583,25.206,27.989,61534.3897
2024-06-22,28.005,28.447,27.141,27.601,32766.23668721
2024-06-23,27.479,27.966,25.98,27.115,29483.823
2024-06-24,27.231,28.818,25.545,28.618,79967.4433
2024-06-25,28.574,30.703,27.812,28.807,56921.3709
2024-06-26,28.792,29.301,25.821,26.0,53963.23974271
2024-06-27,26.0,27.591,25.74,26.308,34188.9341
2024-06-28,26.27,26.879,25.846,26.575,36993.0805
2024-06-29,26.562,28.028,26.519,27.816,32631.1818
2024-06-30,27.808,28.174,26.964,27.849,37644.4289
2024-07-01,27.838,29.856,27.646,28.365,59540.4852
2024-07-02,28.381,29.101,27.623,29.052,24827.1785
2024-07-03,29.058,29.128,25.704,25.877,63610.8905
2024-07-04,25.959,26.359,22.395,22.48,91111.6452
2024-07-05,22.504,23.201,19.801,22.286,117613.9634
2024-07-06,22.253,24.129,21.601,23.799,41654.9417
2024-07-07,23.833,23.894,21.658,21.756,32838.20151666
2024-07-08,21.758,23.548,20.683,22.089,69324.7691
2024-07-09,22.05,23.17,21.777,22.413,41538.0261
2024-07-10,22.416,23.23,21.868,22.59,38690.362
2024-07-11,22.518,24.475,22.314,24.155,104544.98
2024-07-12,24.164,24.853,21.2,23.812,147858.5032
2024-07-13,23.849,25.31,23.618,24.627,64892.6172
2024-07-14,24.627,25.301,24.189,25.285,43731.4233088
2024-07-15,25.268,27.874,25.052,27.773,88725.7141
2024-07-16,27.827,30.426,27.064,30.098,120355.2898
2024-07-17,30.069,32.238,29.995,30.556,118859.4726
2024-07-18,30.556,31.469,29.574,29.831,59177.8426
2024-07-19,29.807,34.482,28.887,34.01,105352.2073051
2024-07-20,33.986,34.319,32.705,33.546,39668.3356
2024-07-21,33.601,35.055,32.524,34.213,80879.96912292
2024-07-22,34.23,34.27,31.17,31.338,60759.1599
2024-07-23,31.415,32.063,29.787,30.759,56403.5201
2024-07-24,30.789,32.496,30.0,30.277,41646.28769429
2024-07-25,30.312,30.776,28.549,29.964,81899.6823
2024-07-26,30.003,31.64,29.998,31.13,41967.6386
2024-07-27,31.13,32.885,30.133,31.267,77819.88839065
2024-07-28,31.272,31.404,30.234,30.705,23160.2256
2024-07-29,30.758,33.196,30.688,30.752,73165.3889
2024-07-30,30.705,32.15,28.713,29.131,37875.39487681
2024-07-31,29.126,30.488,28.88,29.102,55940.9137
2024-08-01,29.109,29.556,26.323,27.027,112401.50364546
2024-08-02,27.05,27.429,24.065,24.564,86950.1998
2024-08-03,24.579,24.846,22.029,22.658,68726.1148
2024-08-04,22.671,23.389,20.133,20.954,62856.2984
2024-08-05,20.964,21.236,16.109,19.407,288484.1314
2024-08-06,19.398,21.49,19.373,20.513,56086.24072131
2024-08-07,20.513,21.551,19.287,19.447,53459.1055
2024-08-08,19.47,23.058,19.101,22.508,55541.8992
2024-08-09,22.53,22.589,21.179,22.074,27001.5332
2024-08-10,22.036,22.435,21.312,21.854,14961.9393
2024-08-11,21.833,22.455,19.836,19.984,47515.21
2024-08-12,20.01,21.58,19.6,21.141,72296.967
2024-08-13,21.163,22.489,20.193,22.201,29297.663
2024-08-14,22.165,22.455,20.832,21.091,37638.9058
2024-08-15,21.068,22.796,20.566,21.108,72659.9912
2024-08-16,21.087,22.399,20.017,21.68,67049.5914
2024-08-17,21.612,21.739,21.034,21.575,14954.8032
2024-08-18,21.555,22.065,20.981,21.197,44022.6964
2024-08-19,21.166,21.588,20.501,21.425,42278.0226
2024-08-20,21.429,23.878,21.366,23.473,71370.6139
2024-08-21,23.525,24.903,22.891,24.228,53997.0918
2024-08-22,24.234,24.821,23.664,24.53,41183.9036
2024-08-23,24.588,26.863,24.377,26.362,71668.64189461
2024-08-24,26.417,27.558,25.679,26.25,40857.02319279
2024-08-25,26.264,26.863,24.498,26.248,32853.8317
2024-08-26,26.279,26.5,24.566,24.896,23194.1664
2024-08-27,24.937,26.201,22.946,23.726,91235.32
2024-08-28,23.754,24.719,22.321,22.534,73428.3357
2024-08-29,22.634,23.643,21.771,22.158,54701.3528
2024-08-30,22.119,22.541,20.899,21.981,43224.9183
2024-08-31,21.956,22.183,21.259,21.619,30680.7297
2024-09-01,21.673,21.816,20.5,20.798,43775.3875
2024-09-02,20.757,21.935,20.478,21.686,24882.23518676
2024-09-03,21.695,22.223,20.482,20.571,32975.6583
2024-09-04,20.555,21.623,19.423,21.277,36662.2772
2024-09-05,21.279,21.684,20.692,21.053,19479.54669906
2024-09-06,21.046,21.875,19.626,20.008,46412.2618952
2024-09-07,19.994,20.802,19.2,19.496,43619.5449
2024-09-08,19.49,20.591,19.444,20.158,42029.36141697
2024-09-09,20.158,21.164,19.822,20.8,42516.4664
2024-09-10,20.787,20.796,19.734,19.911,57131.3277
2024-09-11,19.912,20.407,18.559,20.01,103069.79693344
2024-09-12,20.061,20.8,19.568,20.035,71906.1395
2024-09-13,20.038,20.549,19.539,20.374,68055.512
2024-09-14,20.374,20.842,19.767,20.027,67933.284
2024-09-15,20.027,20.315,18.767,19.072,75321.42476798
2024-09-16,19.017,19.367,18.582,18.973,43581.2864
2024-09-17,18.939,19.393,18.22,18.572,112482.2017
2024-09-18,18.538,19.213,17.768,19.201,73596.9549
2024-09-19,19.201,20.828,19.201,19.683,88227.90668227
2024-09-20,19.694,21.48,19.42,20.114,97015.6994
2024-09-21,20.104,20.733,19.444,20.602,38225.9064
2024-09-22,20.604,21.1,18.796,19.514,73503.1707
2024-09-23,19.53,23.95,19.032,22.967,133664.462
2024-09-24,22.977,24.0,22.166,22.821,90466.6994
2024-09-25,22.812,25.19,22.071,22.364,94555.17118321
2024-09-26,22.365,23.914,22.1,23.195,121655.8854
2024-09-27,23.217,24.6,22.975,23.426,86375.6724
2024-09-28,23.44,24.041,21.836,22.175,60643.37608556
2024-09-29,22.182,24.827,21.227,23.461,126396.1313
2024-09-30,23.514,24.07,22.31,22.876,90404.9883
2024-10-01,22.967,23.72,18.601,19.396,162834.1136
2024-10-02,19.378,20.129,17.526,18.42,91675.9737
2024-10-03,18.414,18.774,17.212,17.969,78038.8780808
2024-10-04,17.975,18.914,17.838,18.697,75681.4254
2024-10-05,18.711,18.927,18.198,18.534,25127.2197
2024-10-06,18.54,19.8,18.431,19.638,30073.0094
2024-10-07,19.621,20.467,18.822,18.828,47723.1757
2024-10-08,18.841,19.248,18.227,19.186,55424.5699
2024-10-09,19.172,19.344,17.777,18.093,65319.3917
2024-10-10,18.073,18.432,17.241,18.108,43888.6689
2024-10-11,18.07,19.364,18.039,18.727,38141.5476
2024-10-12,18.75,19.646,18.615,19.381,46826.3122
2024-10-13,19.393,19.458,18.474,19.288,28215.3353
2024-10-14,19.301,20.708,18.902,20.59,78798.05059647
2024-10-15,20.605,20.825,18.902,19.919,66086.72479529
2024-10-16,19.904,20.025,18.671,18.873,28954.5651
2024-10-17,18.863,19.26,18.045,18.516,30507.84144484
2024-10-18,18.505,19.135,18.5,19.113,19380.937
2024-10-19,19.106,19.241,18.553,18.858,14329.5907
2024-10-20,18.872,19.71,18.594,19.556,27376.0316
2024-10-21,19.564,19.802,18.443,18.501,38997.4814
2024-10-22,18.513,18.79,18.087,18.464,29667.9253
2024-10-23,18.512,18.53,17.28,18.006,52863.7531
2024-10-24,17.977,18.449,17.724,18.354,18725.9253
2024-10-25,18.382,18.501,15.132,16.05,70531.6548
2024-10-26,15.987,16.874,15.459,16.237,80439.2551
2024-10-27,16.246,16.454,15.721,16.179,70038.3405
2024-10-28,16.173,16.509,15.143,16.089,63202.4842
2024-10-29,16.108,17.382,16.051,16.935,59839.0689
2024-10-30,16.936,16.936,16.204,16.645,21415.5716
2024-10-31,16.644,16.765,15.211,15.383,48843.9674
2024-11-01,15.385,15.867,14.35,14.621,44264.184
2024-11-02,14.623,14.997,14.001,14.388,33205.96
2024-11-03,14.434,14.509,13.248,13.884,97329.5693
2024-11-04,13.883,14.159,12.5,12.958,58826.1834
2024-11-05,12.976,14.163,12.976,13.71,53522.3372
2024-11-06,13.709,16.614,13.709,15.886,126516.84988096
2024-11-07,15.907,18.207,15.714,18.058,131083.247
2024-11-08,18.017,19.177,16.999,18.239,133342.9714
2024-11-09,18.211,19.5,17.644,18.649,98837.1759
2024-11-10,18.67,19.822,17.642,18.711,163419.73847522
2024-11-11,18.734,20.557,18.531,20.375,192764.9371
2024-11-12,20.4,20.453,17.418,18.571,188953.863
2024-11-13,18.584,18.719,16.576,17.277,206924.6011
2024-11-14,17.279,18.105,16.078,16.286,93240.7942
2024-11-15,16.298,17.806,15.667,17.638,79294.8759
2024-11-16,17.666,18.993,17.606,18.984,91209.0307
2024-11-17,18.98,19.387,17.039,17.477,79752.4
2024-11-18,17.482,19.579,17.344,19.278,153392.7577
2024-11-19,19.298,19.571,17.738,18.178,101623.1559
2024-11-20,18.151,19.004,16.841,17.14,96257.5048
2024-11-21,17.12,18.71,16.591,18.087,91102.95846297
2024-11-22,18.086,19.447,17.253,19.381,114339.2892
2024-11-23,19.369,23.914,19.219,21.75,259669.4978
2024-11-24,21.66,22.967,20.011,22.03,144943.6901
2024-11-25,22.04,22.924,20.118,20.252,156642.4593
2024-11-26,20.257,21.09,18.649,19.988,181440.6415368
2024-11-27,19.891,21.54,19.566,21.294,166667.6155
2024-11-28,21.309,22.06,20.164,21.515,121587.48369937
2024-11-29,21.53,22.494,21.165,22.234,151417.78508418
2024-11-30,22.205,26.253,22.068,25.695,186594.75587969
2024-12-01,25.701,26.24,24.341,25.15,97584.809
2024-12-02,25.156,27.351,24.0,25.764,224469.3996
2024-12-03,25.77,28.957,25.501,28.004,187870.28355397
2024-12-04,28.008,28.372,25.759,26.958,143340.41845877
2024-12-05,26.952,27.952,25.452,26.846,123838.4288
2024-12-06,26.816,28.828,25.838,28.354,84501.0385
2024-12-07,28.352,28.705,27.058,27.076,63441.7444
2024-12-08,27.094,27.382,25.925,26.773,58682.9324
2024-12-09,26.773,26.773,19.923,22.368,202587.1922
2024-12-10,22.34,22.856,20.12,21.699,131830.45412141
2024-12-11,21.687,23.987,20.805,23.369,73478.5667
2024-12-12,23.396,24.411,22.611,22.917,86857.2017
2024-12-13,22.926,23.66,22.563,23.146,69595.9497
2024-12-14,23.143,23.403,21.063,21.684,57779.0259
2024-12-15,21.663,22.626,21.054,22.42,49981.65419191
2024-12-16,22.442,23.141,21.061,21.52,93918.78769964
2024-12-17,21.474,21.809,20.339,20.422,98674.7886
2024-12-18,20.43,20.501,17.98,18.094,100280.7687
2024-12-19,18.108,18.53,16.346,17.096,126103.9928
2024-12-20,17.11,17.777,14.246,17.172,131314.909
2024-12-21,17.15,18.42,15.465,15.768,78703.9411
2024-12-22,15.776,16.886,15.197,16.098,61210.6901
2024-12-23,16.065,17.53,15.511,17.031,60931.5458
2024-12-24,17.02,18.256,16.469,17.899,53772.5074
2024-12-25,17.879,17.937,16.714,17.159,42146.0379
2024-12-26,17.167,17.321,16.053,16.26,51735.0173
2024-12-27,16.268,17.331,16.134,16.696,45298.7342
2024-12-28,16.736,17.674,16.515,17.512,25416.2781
2024-12-29,17.53,17.554,16.041,16.209,31603.8587
2024-12-30,16.207,17.265,15.642,16.968,55894.8653
2024-12-31,16.93,16.948,15.971,16.018,35929.7817
2025-01-01,16.016,17.566,16.016,17.378,60536.31719708
2025-01-02,17.425,18.054,17.23,17.658,49442.9521
2025-01-03,17.699,19.232,17.113,19.155,53944.7096
2025-01-04,19.172,19.831,18.719,19.474,45069.5447
2025-01-05,19.462,19.664,18.762,19.621,29438.9654
2025-01-06,19.649,19.907,18.768,18.954,57807.0409
2025-01-07,18.904,18.998,16.753,16.787,81605.2823
2025-01-08,16.774,17.057,14.937,15.927,80302.56007718
2025-01-09,15.934,16.32,14.737,14.988,70045.2477
2025-01-10,15.011,16.36,15.008,16.059,54498.8515
2025-01-11,16.061,16.26,15.638,15.906,18784.8075
2025-01-12,15.915,15.977,15.328,15.554,29939.6512
2025-01-13,15.514,15.943,13.973,15.197,83963.8712
2025-01-14,15.195,15.895,15.126,15.771,24991.314
2025-01-15,15.825,16.939,15.149,16.881,56839.6331
2025-01-16,16.904,17.911,16.105,17.093,73902.6121
2025-01-17,17.107,18.416,17.072,18.171,45312.47709959
2025-01-18,18.227,18.32,15.825,16.486,56577.91729722
2025-01-19,16.483,17.462,15.126,15.49,78745.0641
2025-01-20,15.46,17.027,14.206,14.738,86154.44257871
2025-01-21,14.702,15.527,13.959,15.359,39150.8998
2025-01-22,15.358,15.809,14.999,15.228,29694.8574
2025-01-23,15.161,15.505,14.473,14.979,37279.0168
2025-01-24,15.006,15.247,14.21,14.308,30703.6973
2025-01-25,14.297,14.719,14.011,14.473,24523.50484426
2025-01-26,14.455,14.832,14.072,14.085,29361.4478
2025-01-27,14.071,14.134,12.31,13.388,96355.48800115
2025-01-28,13.398,13.676,12.532,12.667,29666.49308884
2025-01-29,12.663,13.475,12.529,12.888,30543.51782695
2025-01-30,12.92,16.48,12.788,16.195,106978.5540358
2025-01-31,16.205,16.771,14.139,15.887,168266.25117374
2025-02-01,15.79,16.11,13.757,13.915,41147.30880212
2025-02-02,13.9,14.319,11.9,12.508,110793.51239324
2025-02-03,12.456,12.519,8.546,11.717,348057.5548
2025-02-04,11.746,11.791,9.929,10.379,144470.4948
2025-02-05,10.387,11.184,10.003,10.181,121804.774
2025-02-06,10.212,10.361,9.461,9.545,69893.7014
2025-02-07,9.544,10.146,8.743,8.945,101955.7808
2025-02-08,8.909,10.01,8.88,9.888,62912.77358661
2025-02-09,9.886,9.922,8.454,8.96,178830.385
2025-02-10,8.953,9.301,8.554,8.911,80000.3628
2025-02-11,8.919,9.696,8.89,9.36,87386.64445887
2025-02-12,9.321,9.682,8.674,9.615,112187.05021367
2025-02-13,9.627,9.676,8.754,9.057,66903.50120296
2025-02-14,9.083,9.654,9.002,9.428,64197.9513
2025-02-15,9.439,9.78,9.08,9.21,65161.46078975
2025-02-16,9.221,9.58,8.955,9.269,47897.322
2025-02-17,9.236,9.712,8.875,9.201,71349.1666
2025-02-18,9.224,9.271,8.22,8.75,101115.0289
2025-02-19,8.779,9.292,8.493,9.138,57932.6486
2025-02-20,9.133,10.426,9.08,9.778,68729.3277
2025-02-21,9.809,10.336,9.07,9.394,90157.85059629
2025-02-22,9.399,9.799,9.333,9.605,46081.5494
2025-02-23,9.617,9.674,9.108,9.257,25120.3198
2025-02-24,9.246,9.32,7.515,7.878,182250.9009
2025-02-25,7.887,8.28,7.241,8.06,546387.6199229
2025-02-26,8.068,8.42,7.932,8.304,173549.7097
2025-02-27,8.33,8.666,8.211,8.525,75979.5238
2025-02-28,8.498,8.513,7.517,8.312,99304.4952
2025-03-01,8.326,8.369,7.802,8.221,58068.008
2025-03-02,8.228,9.0,8.001,8.966,106081.0114
2025-03-03,8.929,8.971,7.307,7.416,85219.4187
2025-03-04,7.404,7.496,6.683,7.392,104263.958
2025-03-05,7.397,7.699,7.267,7.632,56019.3515
2025-03-06,7.629,7.79,7.191,7.276,61849.7541
2025-03-07,7.278,7.477,6.895,7.113,82422.511
2025-03-08,7.106,7.266,6.892,7.132,40347.77089308
2025-03-09,7.133,7.18,6.261,6.361,109556.2558
2025-03-10,6.368,6.622,5.491,5.628,188246.3832
2025-03-11,5.636,6.219,5.294,6.019,142870.05637731
2025-03-12,6.02,6.295,5.839,6.115,62674.7374
2025-03-13,6.125,6.165,5.784,5.979,52457.5024
2025-03-14,5.966,6.689,5.966,6.453,124992.2803
2025-03-15,6.452,6.72,6.359,6.636,50073.6067
2025-03-16,6.629,6.78,6.324,6.646,78012.3104
2025-03-17,6.658,7.095,6.634,6.899,124185.4062
2025-03-18,6.898,6.9,6.62,6.872,48780.0549153
2025-03-19,6.876,7.298,6.856,7.241,95063.0115
2025-03-20,7.239,7.262,6.751,6.812,55711.34483205
2025-03-21,6.816,6.913,6.514,6.718,71961.9563
2025-03-22,6.723,7.533,6.7,7.207,132842.3139
2025-03-23,7.197,7.55,7.069,7.222,87310.98523778
2025-03-24,7.221,7.582,7.122,7.41,104334.25286316
2025-03-25,7.408,7.766,7.237,7.517,109850.26387301
2025-03-26,7.52,7.56,7.25,7.362,64426.1938
2025-03-27,7.361,7.608,7.247,7.405,50100.9533
2025-03-28,7.4,7.638,6.935,7.026,86357.055
2025-03-29,7.038,7.112,6.147,6.261,128619.5388
2025-03-30,6.261,6.636,6.18,6.441,100108.7161
2025-03-31,6.446,6.49,6.12,6.339,97039.6115
2025-04-01,6.337,6.622,6.267,6.314,85837.4101
2025-04-02,6.315,6.324,5.504,5.652,213593.58551347
2025-04-03,5.645,5.92,5.535,5.809,84205.0147
2025-04-04,5.821,5.935,5.55,5.705,85052.6785
2025-04-05,5.707,5.783,5.543,5.664,32992.0998
2025-04-06,5.664,5.698,5.009,5.179,133961.15373235
2025-04-07,5.183,5.443,4.626,5.179,286431.68684619
2025-04-08,5.181,5.284,4.843,4.908,211050.5515
2025-04-09,4.907,5.511,4.646,5.423,274699.12225284
2025-04-10,5.426,5.429,5.043,5.228,150849.3468
2025-04-11,5.224,5.623,5.217,5.623,115898.22694386
2025-04-12,5.623,5.765,5.455,5.646,102952.8381
2025-04-13,5.646,5.737,5.25,5.348,85497.2202
2025-04-14,5.331,5.5,5.207,5.221,96192.3124
2025-04-15,5.228,5.837,5.02,5.059,70057.7646
2025-04-16,5.077,5.148,4.876,4.916,58211.1426
2025-04-17,4.921,5.105,4.806,5.002,64959.8286
2025-04-18,5.008,5.393,4.966,5.291,58733.7585
2025-04-19,5.292,5.672,5.28,5.625,59306.5947
2025-04-20,5.618,5.666,5.433,5.526,46064.337
2025-04-21,5.548,5.821,5.436,5.619,77993.2976
2025-04-22,5.621,6.09,5.381,6.09,112614.0995
2025-04-23,6.092,6.619,6.046,6.453,106498.7029
2025-04-24,6.446,6.671,6.12,6.671,63723.134
2025-04-25,6.667,7.209,6.612,7.06,75923.7267
2025-04-26,7.064,7.477,7.029,7.248,64103.6279
2025-04-27,7.245,7.254,6.51,6.606,76809.7962
2025-04-28,6.621,7.198,6.429,7.094,92301.6166
2025-04-29,7.126,7.262,6.674,6.796,62226.7035
2025-04-30,6.784,6.984,6.408,6.927,89369.8768
2025-05-01,6.929,7.65,6.738,7.392,135949.03993375
2025-05-02,7.399,8.115,7.34,8.111,170188.6072
2025-05-03,8.099,8.181,7.064,7.176,103879.4065
2025-05-04,7.169,7.628,7.064,7.25,94004.523
2025-05-05,7.252,7.419,6.87,7.03,53257.168
2025-05-06,7.037,7.082,6.427,6.792,84225.8905
2025-05-07,6.793,6.922,6.512,6.827,71459.345
2025-05-08,6.824,7.694,6.809,7.691,104163.0963
2025-05-09,7.695,8.477,7.667,8.17,76730.60564811
2025-05-10,8.143,8.758,7.976,8.694,117389.2265
2025-05-11,8.691,8.851,8.015,8.118,40526.4382
2025-05-12,8.112,8.641,7.509,8.04,87657.5074
2025-05-13,8.044,8.697,7.539,8.626,52746.26006565
2025-05-14,8.617,8.948,8.096,8.152,73115.8839
2025-05-15,8.172,8.346,7.175,7.605,104050.1403
2025-05-16,7.612,7.816,7.249,7.342,49339.8576
2025-05-17,7.344,7.378,7.06,7.17,38505.11623697
2025-05-18,7.18,7.792,7.091,7.692,63167.772
2025-05-19,7.688,7.773,6.97,7.312,38544.63621647
2025-05-20,7.327,7.572,7.081,7.356,37851.3107
2025-05-21,7.354,7.703,7.118,7.553,49053.7713
2025-05-22,7.564,8.125,7.558,8.033,55176.5949
2025-05-23,8.035,8.264,7.166,7.194,69287.259
2025-05-24,7.18,7.381,7.118,7.183,20420.2578
2025-05-25,7.209,7.429,6.999,7.407,30085.3
2025-05-26,7.407,7.555,7.18,7.244,31143.2774
2025-05-27,7.253,7.671,7.055,7.496,52876.8714
2025-05-28,7.491,7.631,7.209,7.485,44919.5688
2025-05-29,7.485,7.745,7.121,7.165,51763.3508
2025-05-30,7.164,7.191,6.037,6.176,90456.06796032
2025-05-31,6.178,6.461,5.954,6.392,76445.3645
2025-06-01,6.393,6.592,6.238,6.528,53942.3165
2025-06-02,6.533,6.615,5.909,6.599,74304.7162
2025-06-03,6.598,6.925,6.48,6.716,47065.5134
2025-06-04,6.715,6.878,6.394,6.457,45547.4416
2025-06-05,6.458,6.548,5.8,5.916,62006.4381
2025-06-06,5.911,6.201,5.896,5.982,42581.46271113
2025-06-07,5.977,6.384,5.966,6.35,35494.5279
2025-06-08,6.351,6.472,6.192,6.324,45961.5077
2025-06-09,6.324,6.864,6.216,6.802,99937.1024
2025-06-10,6.81,7.411,6.778,7.395,77849.6003964
2025-06-11,7.409,7.496,6.811,6.936,60061.0906
2025-06-12,6.942,6.949,6.382,6.402,61475.13793321
2025-06-13,6.399,6.409,5.881,6.147,84950.9229
2025-06-14,6.148,6.216,5.898,6.071,34703.3419
2025-06-15,6.067,6.228,5.774,5.981,35241.0528
2025-06-16,5.986,6.167,5.649,5.685,51478.7641
2025-06-17,5.637,5.842,5.443,5.5,50716.9363
2025-06-18,5.51,5.625,5.162,5.375,42694.4306
2025-06-19,5.374,5.629,5.256,5.383,65570.3416
2025-06-20,5.381,5.527,5.0,5.062,63906.1704
2025-06-21,5.071,5.246,4.644,4.86,40058.2115
2025-06-22,4.882,4.938,4.495,4.826,61300.4346
2025-06-23,4.834,5.299,4.742,5.246,81167.6581
2025-06-24,5.261,5.386,4.941,5.055,114883.91634
2025-06-25,5.059,5.123,4.767,4.799,45763.429
2025-06-26,4.799,4.967,4.549,4.693,59024.8903
2025-06-27,4.697,4.861,4.6,4.743,59081.3429
2025-06-28,4.733,4.964,4.625,4.927,52617.42867214
2025-06-29,4.931,5.457,4.928,5.391,88380.4444
2025-06-30,5.39,5.458,5.118,5.175,90019.4825
2025-07-01,5.168,5.199,4.92,5.048,88557.6703
2025-07-02,5.044,5.467,4.932,5.334,82565.984
2025-07-03,5.355,5.517,5.271,5.401,113797.1247
2025-07-04,5.405,5.438,4.939,5.044,46661.9084
2025-07-05,5.045,5.116,4.904,5.05,39540.813
2025-07-06,5.051,5.25,4.976,5.144,38047.6611
2025-07-07,5.146,5.211,4.989,5.066,30482.4326
2025-07-08,5.057,5.221,4.941,5.187,56848.6488
2025-07-09,5.188,5.655,5.167,5.606,111122.9653
2025-07-10,5.619,6.25,5.537,6.171,91202.8362
2025-07-11,6.17,6.95,6.072,6.275,175332.3405
2025-07-12,6.279,6.608,5.969,6.166,146442.67337839
2025-07-13,6.152,7.143,6.126,6.838,244634.6368
2025-07-14,6.838,7.383,6.645,6.843,162146.3161
2025-07-15,6.841,7.559,6.65,7.535,199805.0079
2025-07-16,7.526,7.786,7.264,7.363,143732.4239
2025-07-17,7.371,7.8,7.081,7.378,217330.3717
2025-07-18,7.379,7.982,7.22,7.363,123772.01261017
2025-07-19,7.362,7.575,7.133,7.453,83883.1794
2025-07-20,7.446,8.777,7.395,8.681,115249.4025
2025-07-21,8.678,8.877,8.245,8.385,97486.4085
2025-07-22,8.387,8.504,7.861,8.333,96823.4103
2025-07-23,8.334,8.344,7.162,7.464,82957.6174
2025-07-24,7.47,7.608,6.956,7.25,84119.0214
2025-07-25,7.225,7.747,7.017,7.688,61317.5813282
2025-07-26,7.685,7.828,7.584,7.663,62188.8656
2025-07-27,7.663,7.97,7.646,7.884,27199.2605
2025-07-28,7.89,8.072,7.251,7.36,44041.9178
2025-07-29,7.346,8.227,7.225,7.61,61369.2012
2025-07-30,7.583,7.59,6.889,7.305,59727.8342
2025-07-31,7.321,7.64,6.897,6.934,47204.0086
2025-08-01,6.918,7.018,6.32,6.468,164242.3323
2025-08-02,6.48,6.572,6.058,6.223,74149.407
2025-08-03,6.222,6.462,6.14,6.35,46567.7859
2025-08-04,6.359,6.932,6.339,6.882,83802.3864
2025-08-05,6.877,7.089,6.451,6.649,93694.4669
2025-08-06,6.638,6.902,6.481,6.718,68339.03642284
2025-08-07,6.706,7.15,6.64,7.135,62222.3211
2025-08-08,7.127,7.544,7.029,7.509,130360.9613
2025-08-09,7.516,8.157,7.437,7.999,81789.97877248
2025-08-10,8.012,8.145,7.572,7.847,96541.78751665
2025-08-11,7.85,8.161,7.261,7.351,69906.359
2025-08-12,7.345,7.933,7.207,7.804,98653.301
2025-08-13,7.805,8.558,7.695,8.437,124728.0159
2025-08-14,8.448,8.496,7.087,7.36,193873.6217
2025-08-15,7.36,7.581,6.946,7.211,122616.13705577
2025-08-16,7.214,7.395,7.127,7.317,53745.4407
2025-08-17,7.317,7.698,7.24,7.312,53965.8177
2025-08-18,7.313,7.333,6.906,6.925,58721.1999
2025-08-19,6.934,7.096,6.612,6.677,60812.64289737
2025-08-20,6.683,7.038,6.672,6.972,63081.9791
2025-08-21,6.981,7.025,6.632,6.697,29383.1865
2025-08-22,6.696,7.583,6.411,7.468,62688.6882
2025-08-23,7.47,7.498,7.088,7.31,46473.6166
2025-08-24,7.325,7.457,6.94,7.146,63686.9318
2025-08-25,7.152,7.216,6.272,6.337,81994.5434
2025-08-26,6.332,6.701,6.245,6.639,61771.1974
2025-08-27,6.645,6.771,6.559,6.585,35785.8135
2025-08-28,6.589,6.9,6.519,6.865,50524.9818
2025-08-29,6.871,6.883,6.283,6.371,65327.2912
2025-08-30,6.371,6.496,6.204,6.427,27960.5583
2025-08-31,6.436,6.628,6.334,6.337,24312.3229
2025-09-01,6.34,6.505,5.865,6.068,46826.6908
2025-09-02,6.081,6.309,6.032,6.245,31730.3847
2025-09-03,6.261,6.559,6.211,6.497,25565.0091
2025-09-04,6.497,6.529,6.14,6.24,15500.135
2025-09-05,6.249,6.797,6.249,6.577,45377.5572
2025-09-06,6.573,6.601,6.421,6.471,10242.526
2025-09-07,6.475,6.617,6.475,6.572,12558.3110228
2025-09-08,6.572,7.148,6.558,7.074,34465.9599
2025-09-09,7.081,7.433,6.953,7.124,36870.8169
2025-09-10,7.126,7.235,7.017,7.144,25699.2219
2025-09-11,7.137,7.287,7.053,7.273,20007.0303
2025-09-12,7.277,7.58,7.109,7.508,22373.8681
2025-09-13,7.523,7.807,7.41,7.582,27098.8176
2025-09-14,7.604,7.625,7.124,7.247,20236.9351
2025-09-15,7.248,7.428,6.79,7.01,31137.4862
2025-09-16,7.005,7.135,6.839,6.973,23152.7053
2025-09-17,6.991,7.263,6.53,7.187,52422.7144
2025-09-18,7.194,7.345,7.027,7.21,28591.8424
2025-09-19,7.212,7.34,6.667,6.74,39703.71026242
2025-09-20,6.74,6.917,6.67,6.728,11504.7843
2025-09-21,6.74,6.895,6.613,6.668,14792.1012
2025-09-22,6.665,6.684,5.34,6.058,109089.9112
2025-09-23,6.059,6.086,5.844,5.865,36964.1303
2025-09-24,5.868,6.058,5.736,5.92,33339.3008
2025-09-25,5.927,5.93,5.416,5.528,52413.01629205
2025-09-26,5.533,5.848,5.5,5.784,32471.5107
2025-09-27,5.786,5.798,5.635,5.681,18864.7017
2025-09-28,5.684,5.761,5.53,5.746,19512.3491
2025-09-29,5.751,5.755,5.47,5.612,48642.2138
2025-09-30,5.612,5.617,5.334,5.451,44834.6305
2025-10-01,5.452,6.013,5.36,5.932,105283.7207
2025-10-02,5.943,6.207,5.88,6.11,55088.1559
2025-10-03,6.112,6.46,5.8,6.104,69562.4753
2025-10-04,6.103,6.117,5.71,5.85,27070.6621
2025-10-05,5.859,6.282,5.796,5.985,57831.0596
2025-10-06,5.985,6.189,5.948,6.095,39329.3455
2025-10-07,6.102,6.153,5.735,5.793,37201.051
2025-10-08,5.805,6.071,5.746,5.984,28182.83586694
2025-10-09,5.992,6.021,5.539,5.69,41453.82408791
2025-10-10,5.697,5.951,1.249,4.009,306349.1482
2025-10-11,3.976,4.351,3.737,4.029,177364.86193327
2025-10-12,4.03,4.63,3.932,4.565,95644.5088
2025-10-13,4.575,4.827,4.404,4.799,114324.51564806
2025-10-14,4.801,4.84,4.196,4.506,119526.5035
2025-10-15,4.517,4.647,4.186,4.319,82636.6986
2025-10-16,4.313,4.398,4.005,4.075,79759.956
2025-10-17,4.063,4.124,3.72,3.877,82905.5492
2025-10-18,3.881,4.034,3.852,3.894,32974.9784
2025-10-19,3.888,4.082,3.816,3.957,32480.1303
2025-10-20,3.961,4.13,3.887,4.032,63337.4438
2025-10-21,4.02,4.261,3.812,3.894,92021.982
2025-10-22,3.904,4.062,3.668,3.797,135453.21
2025-10-23,3.78,3.993,3.771,3.946,54350.7991
2025-10-24,3.949,4.004,3.799,3.836,39747.8394
2025-10-25,3.837,3.876,3.745,3.822,19084.394
2025-10-26,3.815,4.011,3.724,3.983,31040.20732254
2025-10-27,3.995,4.438,3.951,4.249,131088.9274
2025-10-28,4.248,4.301,3.785,3.87,99175.2005
2025-10-29,3.863,4.054,3.782,3.852,73613.5171
2025-10-30,3.848,3.936,3.412,3.567,43476.2402
2025-10-31,3.573,3.651,3.433,3.553,47420.2886
2025-11-01,3.539,4.474,3.521,4.448,116717.39767656
2025-11-02,4.456,4.7,4.144,4.212,105383.7469
2025-11-03,4.219,4.232,3.565,3.768,111903.2376975
2025-11-04,3.756,4.534,3.743,4.167,347410.26346417
2025-11-05,4.185,4.571,3.986,4.303,178516.55929094
2025-11-06,4.29,5.8,4.109,5.72,401863.1302
2025-11-07,5.72,8.735,5.435,7.923,1091887.3301
2025-11-08,7.913,8.556,6.354,6.485,502323.2177
2025-11-09,6.488,6.499,5.267,5.762,484425.2084
2025-11-10,5.767,5.982,5.257,5.514,270475.23361843
2025-11-11,5.513,5.655,4.714,4.741,297795.14856997
2025-11-12,4.745,5.308,4.68,4.877,266444.8639
2025-11-13,4.868,5.013,4.419,4.603,236326.02156189
2025-11-14,4.601,4.685,4.346,4.465,182499.6158
2025-11-15,4.468,4.806,4.453,4.53,114039.4176
2025-11-16,4.533,4.616,4.202,4.356,109573.5007
2025-11-17,4.364,4.477,4.159,4.233,231124.7649
2025-11-18,4.222,4.576,4.117,4.21,124097.5427
2025-11-19,4.21,4.325,3.952,4.162,127025.7077
2025-11-20,4.169,4.318,3.933,3.998,97633.8666
2025-11-21,4.004,4.143,3.576,3.751,671361.1262
2025-11-22,3.758,3.853,3.71,3.76,173995.6628
2025-11-23,3.763,3.989,3.742,3.901,427356.78
2025-11-24,3.899,4.154,3.888,4.121,484156.2674
2025-11-25,4.121,4.247,4.021,4.136,369760.1018
2025-11-26,4.14,4.178,3.964,4.126,114874.2496
2025-11-27,4.121,4.361,4.105,4.233,87400.1879
2025-11-28,4.237,4.392,4.141,4.22,85961.1796
2025-11-29,4.221,4.264,4.08,4.091,232737.3217
2025-11-30,4.087,4.199,4.08,4.087,159509.9199
2025-12-01,4.087,4.213,3.874,3.954,672337.3377
2025-12-02,3.955,4.255,3.863,4.133,75702.1045
2025-12-03,4.135,4.604,4.131,4.296,122589.319
2025-12-04,4.303,4.419,4.165,4.189,71213.3794
2025-12-05,4.193,4.251,3.886,4.004,44117.9634
2025-12-06,4.004,4.043,3.941,4.006,17230.2562
2025-12-07,4.005,4.079,3.749,3.923,23874.1124
2025-12-08,3.928,4.157,3.913,4.039,51393.3847
2025-12-09,4.04,4.293,3.982,4.22,31772.7405
2025-12-10,4.215,4.269,4.042,4.067,37624.5549
2025-12-11,4.072,4.072,3.85,4.016,22563.1701
2025-12-12,4.017,4.053,3.783,3.929,37728.4826
2025-12-13,3.931,4.005,3.893,3.926,13209.6243
2025-12-14,3.926,4.007,3.7,3.743,39623.6132
2025-12-15,3.744,3.89,3.459,3.599,70793.2088
2025-12-16,3.599,3.662,3.489,3.627,30699.3849
2025-12-17,3.627,3.669,3.323,3.378,37254.9235
2025-12-18,3.386,3.459,3.125,3.19,84545.8434591
2025-12-19,3.187,3.52,3.133,3.445,29339.9705
2025-12-20,3.445,3.58,3.417,3.548,20926.8369
2025-12-21,3.55,3.552,3.305,3.345,39813.1703
2025-12-22,3.345,3.491,3.325,3.412,22563.8551
2025-12-23,3.411,3.497,3.258,3.416,18359.4999
2025-12-24,3.415,3.444,3.297,3.421,20879.1107
2025-12-25,3.423,3.522,3.327,3.35,10985.93527415
2025-12-26,3.346,3.493,3.346,3.409,20381.72
2025-12-27,3.412,3.655,3.405,3.625,25227.1234
2025-12-28,3.627,3.831,3.579,3.684,41539.9411
2025-12-29,3.687,3.741,3.469,3.477,42219.6835
2025-12-30,3.481,3.556,3.428,3.487,24870.7252
2025-12-31,3.489,3.542,3.333,3.432,43590.0101
2026-01-01,3.434,3.818,3.414,3.756,46063.1436
2026-01-02,3.756,3.899,3.657,3.899,55178.221
2026-01-03,3.899,4.033,3.772,3.886,29213.3284
2026-01-04,3.887,4.065,3.887,3.976,22987.8854
2026-01-05,3.973,4.201,3.853,4.089,48923.3736
2026-01-06,4.092,4.232,3.94,4.127,35993.6365
2026-01-07,4.125,4.13,3.878,3.917,70028.0601
2026-01-08,3.918,3.949,3.705,3.829,37455.5241
2026-01-09,3.835,3.928,3.759,3.803,15025.0647
2026-01-10,3.801,3.834,3.701,3.738,12509.4137
2026-01-11,3.737,3.804,3.627,3.7,12420.1224
2026-01-12,3.699,3.822,3.626,3.671,27993.8501
2026-01-13,3.67,4.238,3.663,4.116,74743.1437
2026-01-14,4.117,4.214,4.003,4.055,49214.2365
2026-01-15,4.063,4.181,3.82,3.898,35778.63675012985
2026-01-16,3.895,4.084,3.863,4.028,33425.18420485
2026-01-17,4.028,4.169,4.003,4.039,15093.7962
2026-01-18,4.04,4.189,3.855,3.858,25221.53917434
2026-01-19,3.857,3.888,3.453,3.825,66707.4651
2026-01-20,3.824,3.861,3.548,3.577,44266.9555
2026-01-21,3.578,3.73,3.475,3.59,41171.1215
2026-01-22,3.595,3.676,3.501,3.534,14772.4501
2026-01-23,3.539,3.648,3.467,3.531,24722.1611
2026-01-24,3.532,3.582,3.498,3.504,25994.1303
2026-01-25,3.505,3.56,3.23,3.318,39530.6357804
2026-01-26,3.313,3.412,3.255,3.33,74355.7803
2026-01-27,3.331,3.398,3.245,3.365,70501.8972
2026-01-28,3.372,3.372,3.224,3.31,78812.2821
2026-01-29,3.308,3.318,2.934,3.006,70607.2281
2026-01-30,3.022,3.023,2.851,2.906,33593.138
2026-01-31,2.904,2.914,2.306,2.579,132173.06012926
2026-02-01,2.584,2.644,2.391,2.453,46265.36175567
2026-02-02,2.457,2.569,2.385,2.514,99705.0372
2026-02-03,2.525,2.625,2.376,2.498,58083.5352
2026-02-04,2.504,2.591,2.387,2.427,64276.5488
2026-02-05,2.421,2.438,1.976,2.009,91204.9506
2026-02-06,2.009,2.195,1.785,2.103,115325.2671
2026-02-07,2.105,2.13,1.981,2.027,71184.2143
2026-02-08,2.024,2.024,1.91,1.958,56147.828
2026-02-09,1.959,2.036,1.882,1.91,45662.9039
2026-02-10,1.914,1.93,1.813,1.825,36863.1203
2026-02-11,1.828,1.842,1.712,1.769,60196.7612
2026-02-12,1.77,1.953,1.77,1.913,60856.5355
2026-02-13,1.914,2.036,1.848,2.014,53248.4459
2026-02-14,2.015,2.179,2.007,2.108,32657.6289
2026-02-15,2.106,2.128,1.964,2.015,31156.5412
2026-02-16,2.014,2.055,1.964,2.04,42350.0569
2026-02-17,2.037,2.073,1.987,2.036,41944.9959
2026-02-18,2.038,2.064,1.956,1.967,38517.032
2026-02-19,1.965,1.98,1.868,1.944,53279.0398
2026-02-20,1.945,2.068,1.909,2.022,50958.2714
2026-02-21,2.025,2.113,1.994,2.006,29521.06093502
2026-02-22,2.001,2.008,1.949,1.971,21181.3254
2026-02-23,1.974,1.976,1.826,1.857,42850.0274
2026-02-24,1.858,1.898,1.806,1.852,40194.4719
2026-02-25,1.854,1.984,1.528,1.786,410816.3658
2026-02-26,1.786,1.801,1.619,1.627,175087.9527
2026-02-27,1.628,1.745,1.568,1.615,126533.4997
2026-02-28,1.614,1.626,1.49,1.596,113438.28720183
2026-03-01,1.595,1.641,1.502,1.533,98370.5683
2026-03-02,1.534,1.691,1.521,1.636,116431.239
2026-03-03,1.635,1.687,1.588,1.654,135389.5235
2026-03-04,1.655,1.727,1.628,1.694,83636.8242
2026-03-05,1.693,1.72,1.647,1.666,47544.4195
2026-03-06,1.667,1.729,1.608,1.625,46080.6061
2026-03-07,1.627,1.635,1.545,1.557,29920.7389
2026-03-08,1.557,1.603,1.532,1.564,40052.3128
2026-03-09,1.563,1.641,1.563,1.594,115984.9345
2026-03-10,1.593,1.702,1.582,1.645,90403.8692
2026-03-11,1.646,1.834,1.617,1.806,122684.6206
2026-03-12,1.807,1.916,1.742,1.905,102639.61764835
2026-03-13,1.904,1.99,1.804,1.824,81075.0413
2026-03-14,1.824,1.861,1.798,1.834,29092.087
2026-03-15,1.832,1.865,1.788,1.84,26964.1002
2026-03-16,1.839,1.991,1.827,1.929,61793.5539
2026-03-17,1.928,1.942,1.856,1.876,33775.0566
2026-03-18,1.876,1.902,1.726,1.743,43859.7082
2026-03-19,1.742,1.762,1.652,1.676,31669.1332
2026-03-20,1.679,1.733,1.667,1.697,66726.4928
2026-03-21,1.697,1.76,1.65,1.66,46352.3736
2026-03-22,1.652,1.704,1.632,1.656,31668.8519
2026-03-23,1.663,1.928,1.66,1.918,105508.9027
2026-03-24,1.92,1.926,1.83,1.882,40820.4851
2026-03-25,1.884,1.93,1.838,1.864,40073.906
2026-03-26,1.859,1.871,1.757,1.766,24567.074
2026-03-27,1.769,1.802,1.687,1.694,50790.8296
2026-03-28,1.694,1.74,1.669,1.69,34353.943
2026-03-29,1.69,1.732,1.637,1.662,32590.6399
2026-03-30,1.671,1.76,1.668,1.69,23153.0958
2026-03-31,1.696,1.761,1.685,1.751,20877.2546
2026-04-01,1.75,1.764,1.714,1.714,23114.5102
2026-04-02,1.715,1.728,1.639,1.667,24673.3407
2026-04-03,1.667,1.742,1.665,1.688,19630.8936
2026-04-04,1.688,1.694,1.659,1.682,17022.5742
2026-04-05,1.678,1.678,1.608,1.648,13116.9408
2026-04-06,1.655,1.728,1.628,1.641,19857.5565
2026-04-07,1.641,1.761,1.619,1.753,22543.3225
2026-04-08,1.754,1.768,1.668,1.677,30728.2396
2026-04-09,1.675,1.747,1.658,1.716,26652.3988
2026-04-10,1.713,1.787,1.704,1.773,36555.7868
2026-04-11,1.776,1.778,1.7,1.733,16554.6426
2026-04-12,1.728,1.732,1.656,1.656,21655.5351
2026-04-13,1.666,1.833,1.651,1.82,24141.5224
2026-04-14,1.821,1.821,1.725,1.739,26944.6465
2026-04-15,1.75,1.976,1.746,1.941,95994.8951
2026-04-16,1.944,2.294,1.914,2.211,247688.1071
2026-04-17,2.213,2.303,2.049,2.077,140459.5826
2026-04-18,2.077,2.112,1.982,2.025,63613.2492
2026-04-19,2.027,2.176,2.004,2.044,93025.5575
2026-04-20,2.041,2.181,2.029,2.096,54574.9524
2026-04-21,2.098,2.119,1.996,2.043,73262.0324
2026-04-22,2.044,2.113,2.008,2.01,44674.9591
2026-04-23,2.016,2.016,1.898,1.961,61272.4584
2026-04-24,1.959,1.99,1.915,1.973,39648.52361544
2026-04-25,1.973,2.031,1.931,1.948,30709.9191
2026-04-26,1.943,2.038,1.939,1.967,33227.6702
2026-04-27,1.966,1.998,1.869,1.909,27973.4049
2026-04-28,1.909,1.914,1.909,1.911,11.0605
