timestamp,open,high,low,close,volume,datetime
1776293100000,85.16,85.3,85.0,85.01,2845.191,2026-04-15 22:45:00
1776294000000,85.03,85.03,84.73,84.78,1966.884,2026-04-15 23:00:00
1776294900000,84.78,84.84,84.63,84.83,2850.208,2026-04-15 23:15:00
1776295800000,84.87,84.93,84.77,84.82,3431.279,2026-04-15 23:30:00
1776296700000,84.84,85.01,84.82,84.89,1277.551,2026-04-15 23:45:00
1776297600000,84.89,84.96,84.64,84.69,2140.205,2026-04-16 00:00:00
1776298500000,84.68,84.75,84.5,84.68,1918.887,2026-04-16 00:15:00
1776299400000,84.74,85.0,84.74,84.96,2735.998,2026-04-16 00:30:00
1776300300000,84.94,85.06,84.84,84.92,1315.649,2026-04-16 00:45:00
1776301200000,84.92,84.92,84.46,84.73,2034.593,2026-04-16 01:00:00
1776302100000,84.72,84.87,84.67,84.74,876.645,2026-04-16 01:15:00
1776303000000,84.73,84.89,84.7,84.86,801.868,2026-04-16 01:30:00
1776303900000,84.85,84.93,84.67,84.85,542.961,2026-04-16 01:45:00
1776304800000,84.84,85.02,84.84,84.87,1919.746,2026-04-16 02:00:00
1776305700000,84.83,85.16,84.72,85.16,1969.277,2026-04-16 02:15:00
1776306600000,85.17,85.57,85.17,85.49,6004.581,2026-04-16 02:30:00
1776307500000,85.54,85.54,85.02,85.17,3714.319,2026-04-16 02:45:00
1776308400000,85.1,85.39,85.08,85.21,2094.66,2026-04-16 03:00:00
1776309300000,85.22,85.5,85.22,85.31,1184.23,2026-04-16 03:15:00
1776310200000,85.3,85.37,85.18,85.3,1765.075,2026-04-16 03:30:00
1776311100000,85.34,85.39,85.24,85.29,2794.867,2026-04-16 03:45:00
1776312000000,85.28,85.42,85.13,85.31,1825.691,2026-04-16 04:00:00
1776312900000,85.3,85.39,85.26,85.33,1234.57,2026-04-16 04:15:00
1776313800000,85.35,85.55,85.27,85.45,2715.787,2026-04-16 04:30:00
1776314700000,85.41,85.43,84.98,85.24,5202.554,2026-04-16 04:45:00
1776315600000,85.23,85.28,85.06,85.17,2468.927,2026-04-16 05:00:00
1776316500000,85.14,85.44,85.12,85.37,1046.393,2026-04-16 05:15:00
1776317400000,85.39,85.53,85.32,85.36,1821.717,2026-04-16 05:30:00
1776318300000,85.39,85.44,85.35,85.39,1271.166,2026-04-16 05:45:00
1776319200000,85.4,85.54,85.4,85.43,1714.586,2026-04-16 06:00:00
1776320100000,85.4,85.5,85.33,85.38,1271.153,2026-04-16 06:15:00
1776321000000,85.37,85.42,85.19,85.31,2934.525,2026-04-16 06:30:00
1776321900000,85.32,85.47,85.29,85.47,912.319,2026-04-16 06:45:00
1776322800000,85.48,85.65,85.44,85.53,2561.356,2026-04-16 07:00:00
1776323700000,85.53,85.6,85.43,85.48,1567.436,2026-04-16 07:15:00
1776324600000,85.48,85.5,85.4,85.47,1720.558,2026-04-16 07:30:00
1776325500000,85.46,85.46,85.1,85.2,3579.979,2026-04-16 07:45:00
1776326400000,85.21,85.3,85.02,85.03,3483.919,2026-04-16 08:00:00
1776327300000,85.04,85.24,85.04,85.15,1835.085,2026-04-16 08:15:00
1776328200000,85.15,85.2,84.91,85.02,1482.419,2026-04-16 08:30:00
1776329100000,85.01,85.23,85.0,85.04,1678.234,2026-04-16 08:45:00
1776330000000,85.0,85.2,84.96,85.19,1415.877,2026-04-16 09:00:00
1776330900000,85.21,85.49,85.21,85.37,3972.532,2026-04-16 09:15:00
1776331800000,85.37,85.43,85.21,85.24,1111.965,2026-04-16 09:30:00
1776332700000,85.23,85.39,85.16,85.19,4290.586,2026-04-16 09:45:00
1776333600000,85.17,85.24,84.85,84.9,3440.65,2026-04-16 10:00:00
1776334500000,84.91,85.18,84.64,85.08,4488.311,2026-04-16 10:15:00
1776335400000,85.07,85.22,85.06,85.09,1550.627,2026-04-16 10:30:00
1776336300000,85.09,85.18,84.94,85.04,1640.985,2026-04-16 10:45:00
1776337200000,85.05,85.12,84.95,84.97,1461.878,2026-04-16 11:00:00
1776338100000,84.97,85.06,84.95,85.04,1045.747,2026-04-16 11:15:00
1776339000000,85.03,85.17,84.96,85.03,2693.177,2026-04-16 11:30:00
1776339900000,85.02,85.08,84.98,85.06,1243.183,2026-04-16 11:45:00
1776340800000,85.07,85.49,85.07,85.4,2535.725,2026-04-16 12:00:00
1776341700000,85.41,85.47,85.28,85.3,1680.744,2026-04-16 12:15:00
1776342600000,85.3,85.34,85.23,85.31,1201.389,2026-04-16 12:30:00
1776343500000,85.31,85.39,85.23,85.38,767.038,2026-04-16 12:45:00
1776344400000,85.38,85.91,85.35,85.87,2412.629,2026-04-16 13:00:00
1776345300000,85.89,86.27,85.84,86.15,3880.799,2026-04-16 13:15:00
1776346200000,86.19,86.2,85.56,85.75,5372.02,2026-04-16 13:30:00
1776347100000,85.72,85.73,83.83,84.78,9379.902,2026-04-16 13:45:00
1776348000000,84.75,84.92,84.46,84.64,6061.975,2026-04-16 14:00:00
1776348900000,84.64,84.73,84.07,84.42,4995.12799973,2026-04-16 14:15:00
1776349800000,84.37,84.9,84.36,84.82,3283.705,2026-04-16 14:30:00
1776350700000,84.85,85.68,84.81,85.39,4785.962,2026-04-16 14:45:00
1776351600000,85.41,86.28,85.31,86.14,8168.052,2026-04-16 15:00:00
1776352500000,86.15,86.6,86.03,86.27,9728.25079871,2026-04-16 15:15:00
1776353400000,86.23,87.11,86.17,86.73,9821.15,2026-04-16 15:30:00
1776354300000,86.73,86.91,86.41,86.62,6178.414,2026-04-16 15:45:00
1776355200000,86.63,87.07,86.47,86.49,12651.92,2026-04-16 16:00:00
1776356100000,86.52,86.93,86.36,86.61,9550.934,2026-04-16 16:15:00
1776357000000,86.66,86.79,86.19,86.3,8010.204,2026-04-16 16:30:00
1776357900000,86.3,86.37,85.64,85.94,6690.308,2026-04-16 16:45:00
1776358800000,85.94,86.15,85.76,85.79,2478.61,2026-04-16 17:00:00
1776359700000,85.78,86.19,85.72,86.07,4936.848,2026-04-16 17:15:00
1776360600000,86.05,86.43,85.93,86.43,2945.072,2026-04-16 17:30:00
1776361500000,86.44,86.79,86.28,86.64,5682.61,2026-04-16 17:45:00
1776362400000,86.65,87.12,86.5,86.81,7647.301,2026-04-16 18:00:00
1776363300000,86.83,87.65,86.83,87.18,14455.38,2026-04-16 18:15:00
1776364200000,87.17,87.94,87.04,87.83,9285.405,2026-04-16 18:30:00
1776365100000,87.84,89.06,87.84,88.98,13932.479,2026-04-16 18:45:00
1776366000000,89.02,89.14,88.66,88.91,8768.828,2026-04-16 19:00:00
1776366900000,88.92,89.34,88.81,89.19,4776.558,2026-04-16 19:15:00
1776367800000,89.18,90.0,89.11,89.86,7327.958,2026-04-16 19:30:00
1776368700000,89.85,90.14,89.79,90.12,6593.07,2026-04-16 19:45:00
1776369600000,90.12,90.53,89.92,90.14,6886.109,2026-04-16 20:00:00
1776370500000,90.13,90.24,89.53,89.86,5991.522,2026-04-16 20:15:00
1776371400000,89.87,89.87,89.3,89.37,4439.099,2026-04-16 20:30:00
1776372300000,89.37,89.68,89.26,89.57,2780.437,2026-04-16 20:45:00
1776373200000,89.59,89.68,89.33,89.52,3536.966,2026-04-16 21:00:00
1776374100000,89.5,89.74,88.83,88.9,5250.119,2026-04-16 21:15:00
1776375000000,88.9,89.08,88.72,88.92,4832.811,2026-04-16 21:30:00
1776375900000,88.9,89.17,88.88,88.94,2427.654,2026-04-16 21:45:00
1776376800000,88.93,89.45,88.92,89.12,3897.674,2026-04-16 22:00:00
1776377700000,89.12,89.26,88.87,89.11,2274.056,2026-04-16 22:15:00
1776378600000,89.14,89.23,89.04,89.15,1609.212,2026-04-16 22:30:00
1776379500000,89.11,89.24,88.9,88.99,2151.693,2026-04-16 22:45:00
1776380400000,88.99,89.02,88.89,88.97,2014.587,2026-04-16 23:00:00
1776381300000,88.94,89.09,88.83,88.93,1311.703,2026-04-16 23:15:00
1776382200000,88.9,89.21,88.89,89.08,1948.715,2026-04-16 23:30:00
1776383100000,89.05,89.08,88.89,89.05,1379.452,2026-04-16 23:45:00
1776384000000,89.07,89.17,88.73,88.75,1732.947,2026-04-17 00:00:00
1776384900000,88.75,89.03,88.58,88.67,2312.601,2026-04-17 00:15:00
1776385800000,88.67,88.85,88.67,88.73,1580.545,2026-04-17 00:30:00
1776386700000,88.72,88.85,88.69,88.82,911.848,2026-04-17 00:45:00
1776387600000,88.8,89.02,88.77,88.88,1931.953,2026-04-17 01:00:00
1776388500000,88.86,88.94,88.29,88.38,3729.607,2026-04-17 01:15:00
1776389400000,88.33,88.44,88.18,88.21,1492.801,2026-04-17 01:30:00
1776390300000,88.2,88.37,87.92,88.28,2383.279,2026-04-17 01:45:00
1776391200000,88.21,88.36,87.99,88.11,1064.438,2026-04-17 02:00:00
1776392100000,88.09,88.11,87.68,87.68,2123.713,2026-04-17 02:15:00
1776393000000,87.67,87.96,87.56,87.85,3355.014,2026-04-17 02:30:00
1776393900000,87.85,87.94,87.61,87.86,1379.378,2026-04-17 02:45:00
1776394800000,87.85,87.97,87.76,87.91,1323.045,2026-04-17 03:00:00
1776395700000,87.95,87.97,87.64,87.68,1418.36,2026-04-17 03:15:00
1776396600000,87.69,87.83,87.48,87.83,2337.313,2026-04-17 03:30:00
1776397500000,87.82,87.86,87.7,87.71,1601.1,2026-04-17 03:45:00
1776398400000,87.74,87.96,87.7,87.92,1623.447,2026-04-17 04:00:00
1776399300000,87.91,88.14,87.9,88.07,1648.182,2026-04-17 04:15:00
1776400200000,88.11,88.22,88.11,88.19,1420.88,2026-04-17 04:30:00
1776401100000,88.21,88.29,87.95,87.98,1850.044,2026-04-17 04:45:00
1776402000000,88.0,88.0,87.48,87.55,2508.286,2026-04-17 05:00:00
1776402900000,87.55,87.72,87.5,87.6,2418.666,2026-04-17 05:15:00
1776403800000,87.59,87.7,87.52,87.59,3263.875,2026-04-17 05:30:00
1776404700000,87.59,87.7,87.4,87.4,2103.534,2026-04-17 05:45:00
1776405600000,87.42,87.68,87.37,87.64,1363.733,2026-04-17 06:00:00
1776406500000,87.7,87.78,87.65,87.76,1317.754,2026-04-17 06:15:00
1776407400000,87.75,87.95,87.69,87.94,2179.709,2026-04-17 06:30:00
1776408300000,87.9,88.09,87.87,88.02,1946.884,2026-04-17 06:45:00
1776409200000,88.03,88.47,88.01,88.4,2856.463,2026-04-17 07:00:00
1776410100000,88.37,88.37,88.12,88.16,1354.828,2026-04-17 07:15:00
1776411000000,88.16,88.27,88.09,88.16,1534.006,2026-04-17 07:30:00
1776411900000,88.16,88.18,87.98,88.11,1527.983,2026-04-17 07:45:00
1776412800000,88.15,88.48,88.14,88.31,2092.624,2026-04-17 08:00:00
1776413700000,88.3,88.64,88.25,88.42,1808.155,2026-04-17 08:15:00
1776414600000,88.41,88.74,88.4,88.59,2715.14,2026-04-17 08:30:00
1776415500000,88.59,89.08,88.48,88.95,3811.85,2026-04-17 08:45:00
1776416400000,88.96,88.97,88.71,88.86,2406.749,2026-04-17 09:00:00
1776417300000,88.87,89.5,88.69,89.42,5640.712,2026-04-17 09:15:00
1776418200000,89.42,89.46,88.3,88.51,8271.053,2026-04-17 09:30:00
1776419100000,88.53,88.73,88.4,88.72,1162.185,2026-04-17 09:45:00
1776420000000,88.71,88.74,88.19,88.25,3218.022,2026-04-17 10:00:00
1776420900000,88.25,88.31,87.85,87.85,4770.993,2026-04-17 10:15:00
1776421800000,87.87,87.89,87.45,87.45,4236.473,2026-04-17 10:30:00
1776422700000,87.46,87.7,87.37,87.68,3669.142,2026-04-17 10:45:00
1776423600000,87.67,87.84,87.63,87.77,2359.787,2026-04-17 11:00:00
1776424500000,87.78,88.09,87.77,88.0,1960.883,2026-04-17 11:15:00
1776425400000,88.03,88.2,88.01,88.02,1958.019,2026-04-17 11:30:00
1776426300000,88.05,88.33,87.92,88.24,1776.03,2026-04-17 11:45:00
1776427200000,88.21,88.31,88.12,88.2,2304.019,2026-04-17 12:00:00
1776428100000,88.18,88.45,87.93,88.21,4428.93756379,2026-04-17 12:15:00
1776429000000,88.21,88.48,88.11,88.22,1975.075,2026-04-17 12:30:00
1776429900000,88.2,88.92,88.16,88.91,9422.663,2026-04-17 12:45:00
1776430800000,88.89,89.82,88.58,89.82,9464.368,2026-04-17 13:00:00
1776431700000,89.82,90.51,89.31,89.58,19651.357,2026-04-17 13:15:00
1776432600000,89.58,89.87,88.88,89.8,20835.918,2026-04-17 13:30:00
1776433500000,89.84,90.19,89.33,90.07,10274.501,2026-04-17 13:45:00
1776434400000,90.14,90.32,89.65,89.78,6041.504,2026-04-17 14:00:00
1776435300000,89.79,90.23,89.71,89.79,4860.994,2026-04-17 14:15:00
1776436200000,89.8,90.73,89.78,90.16,8335.574,2026-04-17 14:30:00
1776437100000,90.14,90.4,89.79,90.0,8299.558,2026-04-17 14:45:00
1776438000000,90.02,90.09,89.44,89.87,6691.357,2026-04-17 15:00:00
1776438900000,89.89,90.18,89.64,89.79,2622.43,2026-04-17 15:15:00
1776439800000,89.84,90.01,89.57,89.61,5214.081,2026-04-17 15:30:00
1776440700000,89.67,90.06,89.57,89.95,6191.296,2026-04-17 15:45:00
1776441600000,89.95,90.37,89.92,90.08,3174.998,2026-04-17 16:00:00
1776442500000,90.09,90.6,89.91,90.29,5170.24,2026-04-17 16:15:00
1776443400000,90.29,90.39,90.02,90.17,2680.109,2026-04-17 16:30:00
1776444300000,90.18,90.4,90.14,90.4,1476.385,2026-04-17 16:45:00
1776445200000,90.41,90.41,89.52,89.74,5400.806,2026-04-17 17:00:00
1776446100000,89.75,89.98,89.09,89.43,6162.687,2026-04-17 17:15:00
1776447000000,89.43,89.78,89.43,89.56,2446.54,2026-04-17 17:30:00
1776447900000,89.56,89.88,89.56,89.74,1660.315,2026-04-17 17:45:00
1776448800000,89.74,89.83,88.89,88.93,2971.986,2026-04-17 18:00:00
1776449700000,88.95,89.32,88.9,89.04,3524.267,2026-04-17 18:15:00
1776450600000,89.04,89.4,88.97,89.37,1623.587,2026-04-17 18:30:00
1776451500000,89.36,89.37,88.92,89.16,1943.935,2026-04-17 18:45:00
1776452400000,89.19,89.28,88.95,89.18,1252.76,2026-04-17 19:00:00
1776453300000,89.23,89.44,89.2,89.25,1706.435,2026-04-17 19:15:00
1776454200000,89.25,89.51,89.25,89.46,1276.98,2026-04-17 19:30:00
1776455100000,89.46,89.46,89.14,89.24,3091.426,2026-04-17 19:45:00
1776456000000,89.25,89.36,89.16,89.27,805.316,2026-04-17 20:00:00
1776456900000,89.27,89.29,89.08,89.09,1411.359,2026-04-17 20:15:00
1776457800000,89.11,89.14,88.51,88.77,6564.484,2026-04-17 20:30:00
1776458700000,88.76,89.01,88.66,89.01,1228.496,2026-04-17 20:45:00
1776459600000,89.0,89.24,88.98,89.15,1574.01,2026-04-17 21:00:00
1776460500000,89.11,89.26,89.07,89.14,990.927,2026-04-17 21:15:00
1776461400000,89.12,89.12,88.81,89.09,3145.719,2026-04-17 21:30:00
1776462300000,89.07,89.2,89.06,89.11,901.035,2026-04-17 21:45:00
1776463200000,89.1,89.26,89.05,89.05,1160.902,2026-04-17 22:00:00
1776464100000,89.12,89.22,88.94,89.17,1536.159,2026-04-17 22:15:00
1776465000000,89.13,89.47,89.12,89.35,1896.473,2026-04-17 22:30:00
1776465900000,89.34,89.39,89.19,89.22,1096.416,2026-04-17 22:45:00
1776466800000,89.22,89.22,88.92,88.98,1124.469,2026-04-17 23:00:00
1776467700000,88.98,88.99,88.5,88.79,1683.188,2026-04-17 23:15:00
1776468600000,88.78,88.92,88.69,88.71,1521.989,2026-04-17 23:30:00
1776469500000,88.7,88.89,88.68,88.79,1400.535,2026-04-17 23:45:00
1776470400000,88.75,88.95,88.73,88.77,1137.27,2026-04-18 00:00:00
1776471300000,88.79,88.97,88.76,88.93,701.129,2026-04-18 00:15:00
1776472200000,88.93,89.01,88.68,88.71,2195.759,2026-04-18 00:30:00
1776473100000,88.72,89.12,88.72,88.95,1705.662,2026-04-18 00:45:00
1776474000000,88.95,89.08,88.78,89.06,870.795,2026-04-18 01:00:00
1776474900000,89.07,89.15,89.04,89.09,904.974,2026-04-18 01:15:00
1776475800000,89.11,89.11,88.78,88.82,1723.571,2026-04-18 01:30:00
1776476700000,88.84,88.97,88.69,88.86,911.968,2026-04-18 01:45:00
1776477600000,88.87,88.9,88.69,88.9,765.189,2026-04-18 02:00:00
1776478500000,88.94,89.07,88.93,89.02,407.805,2026-04-18 02:15:00
1776479400000,88.93,89.11,88.9,88.96,628.281,2026-04-18 02:30:00
1776480300000,88.97,88.99,88.88,88.92,887.323,2026-04-18 02:45:00
1776481200000,88.92,88.92,88.76,88.84,1941.216,2026-04-18 03:00:00
1776482100000,88.82,88.89,88.72,88.75,884.907,2026-04-18 03:15:00
1776483000000,88.74,88.84,88.68,88.82,708.96,2026-04-18 03:30:00
1776483900000,88.82,88.85,88.24,88.32,3929.774,2026-04-18 03:45:00
1776484800000,88.34,88.53,88.25,88.51,922.87898864,2026-04-18 04:00:00
1776485700000,88.49,88.54,88.35,88.4,1402.88,2026-04-18 04:15:00
1776486600000,88.38,88.46,88.26,88.31,1545.309,2026-04-18 04:30:00
1776487500000,88.32,88.49,88.31,88.37,1758.896,2026-04-18 04:45:00
1776488400000,88.36,88.64,88.33,88.56,1078.353,2026-04-18 05:00:00
1776489300000,88.53,88.53,88.35,88.35,1991.386,2026-04-18 05:15:00
1776490200000,88.34,88.37,88.19,88.37,3092.693,2026-04-18 05:30:00
1776491100000,88.37,88.42,88.32,88.41,577.023,2026-04-18 05:45:00
1776492000000,88.41,88.52,88.41,88.48,810.237,2026-04-18 06:00:00
1776492900000,88.46,88.49,88.34,88.49,690.031,2026-04-18 06:15:00
1776493800000,88.49,88.56,88.46,88.53,932.762,2026-04-18 06:30:00
1776494700000,88.53,88.61,88.5,88.52,2402.292,2026-04-18 06:45:00
1776495600000,88.5,88.54,88.4,88.43,512.186,2026-04-18 07:00:00
1776496500000,88.43,88.53,88.38,88.51,685.193,2026-04-18 07:15:00
1776497400000,88.5,88.55,88.38,88.46,721.2,2026-04-18 07:30:00
1776498300000,88.46,88.48,88.33,88.45,1080.483,2026-04-18 07:45:00
1776499200000,88.46,88.51,88.1,88.1,3611.963,2026-04-18 08:00:00
1776500100000,88.11,88.13,87.63,87.68,6305.87,2026-04-18 08:15:00
1776501000000,87.67,87.75,87.13,87.23,6858.943,2026-04-18 08:30:00
1776501900000,87.22,87.59,87.19,87.54,2736.273,2026-04-18 08:45:00
1776502800000,87.55,87.55,87.2,87.35,2244.673,2026-04-18 09:00:00
1776503700000,87.35,87.54,87.16,87.52,3677.391,2026-04-18 09:15:00
1776504600000,87.52,87.68,87.5,87.6,1482.18,2026-04-18 09:30:00
1776505500000,87.61,87.67,87.47,87.61,1474.612,2026-04-18 09:45:00
1776506400000,87.63,87.64,86.99,87.16,4719.692,2026-04-18 10:00:00
1776507300000,87.14,87.26,87.09,87.19,906.142,2026-04-18 10:15:00
1776508200000,87.13,87.22,86.88,86.88,2251.908,2026-04-18 10:30:00
1776509100000,86.88,86.99,86.79,86.97,2690.862,2026-04-18 10:45:00
1776510000000,86.97,86.97,86.63,86.66,2159.041,2026-04-18 11:00:00
1776510900000,86.69,86.85,86.65,86.82,983.307,2026-04-18 11:15:00
1776511800000,86.79,86.87,86.31,86.44,4347.324,2026-04-18 11:30:00
1776512700000,86.44,86.68,86.36,86.56,1964.565,2026-04-18 11:45:00
1776513600000,86.56,86.87,86.52,86.81,3318.66,2026-04-18 12:00:00
1776514500000,86.81,86.86,86.68,86.73,1541.152,2026-04-18 12:15:00
1776515400000,86.72,86.82,86.63,86.82,1130.519,2026-04-18 12:30:00
1776516300000,86.84,86.98,86.79,86.91,2032.98,2026-04-18 12:45:00
1776517200000,86.89,86.98,86.84,86.87,1155.967,2026-04-18 13:00:00
1776518100000,86.87,86.95,86.7,86.74,1623.619,2026-04-18 13:15:00
1776519000000,86.74,86.76,86.43,86.57,1381.33,2026-04-18 13:30:00
1776519900000,86.57,86.82,86.53,86.76,1088.096,2026-04-18 13:45:00
1776520800000,86.76,86.82,86.62,86.7,836.994,2026-04-18 14:00:00
1776521700000,86.71,86.78,86.46,86.77,910.151,2026-04-18 14:15:00
1776522600000,86.76,86.86,86.71,86.77,1592.6,2026-04-18 14:30:00
1776523500000,86.77,86.86,86.74,86.82,996.739,2026-04-18 14:45:00
1776524400000,86.84,86.97,86.7,86.83,1456.782,2026-04-18 15:00:00
1776525300000,86.81,86.93,86.74,86.83,422.676,2026-04-18 15:15:00
1776526200000,86.81,86.89,86.69,86.69,1419.111,2026-04-18 15:30:00
1776527100000,86.68,86.77,86.59,86.75,686.126,2026-04-18 15:45:00
1776528000000,86.74,86.92,86.61,86.9,1355.407,2026-04-18 16:00:00
1776528900000,86.9,86.98,86.47,86.8,3106.722,2026-04-18 16:15:00
1776529800000,86.83,86.84,86.66,86.67,545.77,2026-04-18 16:30:00
1776530700000,86.67,86.74,86.55,86.7,1108.092,2026-04-18 16:45:00
1776531600000,86.69,86.72,86.52,86.59,2112.789,2026-04-18 17:00:00
1776532500000,86.59,86.74,86.58,86.72,602.05,2026-04-18 17:15:00
1776533400000,86.74,86.81,86.74,86.79,662.829,2026-04-18 17:30:00
1776534300000,86.8,86.87,86.77,86.78,4362.874,2026-04-18 17:45:00
1776535200000,86.77,86.78,86.6,86.65,1685.11198698,2026-04-18 18:00:00
1776536100000,86.64,86.64,86.36,86.36,1701.71,2026-04-18 18:15:00
1776537000000,86.39,86.41,85.81,85.99,8494.82,2026-04-18 18:30:00
1776537900000,86.03,86.19,85.84,85.97,2862.394,2026-04-18 18:45:00
1776538800000,85.97,86.28,85.95,86.25,1465.473,2026-04-18 19:00:00
1776539700000,86.26,86.27,86.1,86.2,265.21,2026-04-18 19:15:00
1776540600000,86.2,86.24,85.98,86.03,1918.671,2026-04-18 19:30:00
1776541500000,86.02,86.19,86.0,86.12,891.068,2026-04-18 19:45:00
1776542400000,86.13,86.16,86.01,86.13,620.772,2026-04-18 20:00:00
1776543300000,86.17,86.22,86.05,86.12,1422.41,2026-04-18 20:15:00
1776544200000,86.15,86.23,86.06,86.21,1219.778,2026-04-18 20:30:00
1776545100000,86.23,86.29,86.14,86.17,1325.294,2026-04-18 20:45:00
1776546000000,86.17,86.25,86.08,86.15,687.924,2026-04-18 21:00:00
1776546900000,86.14,86.25,86.03,86.25,716.77,2026-04-18 21:15:00
1776547800000,86.22,86.23,86.11,86.18,1304.74,2026-04-18 21:30:00
1776548700000,86.18,86.26,86.15,86.21,1304.123,2026-04-18 21:45:00
1776549600000,86.2,86.22,85.93,85.98,1985.401,2026-04-18 22:00:00
1776550500000,85.98,86.17,85.98,86.17,626.009,2026-04-18 22:15:00
1776551400000,86.18,86.24,86.1,86.16,725.241,2026-04-18 22:30:00
1776552300000,86.17,86.36,86.17,86.32,1329.625,2026-04-18 22:45:00
1776553200000,86.3,86.45,86.28,86.3,1153.255,2026-04-18 23:00:00
1776554100000,86.33,86.34,86.27,86.27,554.293,2026-04-18 23:15:00
1776555000000,86.26,86.33,86.19,86.26,549.378,2026-04-18 23:30:00
1776555900000,86.25,86.26,86.13,86.15,574.574,2026-04-18 23:45:00
1776556800000,86.16,86.37,86.13,86.21,1140.243,2026-04-19 00:00:00
1776557700000,86.19,86.19,86.03,86.08,622.276,2026-04-19 00:15:00
1776558600000,86.07,86.11,85.87,85.9,1236.779,2026-04-19 00:30:00
1776559500000,85.9,86.13,85.9,86.02,790.347,2026-04-19 00:45:00
1776560400000,86.07,86.22,85.94,86.01,940.995,2026-04-19 01:00:00
1776561300000,85.98,86.0,85.72,85.76,686.069,2026-04-19 01:15:00
1776562200000,85.74,85.77,85.61,85.65,1871.111,2026-04-19 01:30:00
1776563100000,85.68,85.88,85.68,85.76,1004.633,2026-04-19 01:45:00
1776564000000,85.76,85.78,85.67,85.78,1359.503,2026-04-19 02:00:00
1776564900000,85.79,85.85,85.27,85.33,1800.789,2026-04-19 02:15:00
1776565800000,85.29,85.83,85.28,85.73,1896.647,2026-04-19 02:30:00
1776566700000,85.75,85.77,85.5,85.55,2605.821,2026-04-19 02:45:00
1776567600000,85.53,85.68,85.32,85.68,1540.829,2026-04-19 03:00:00
1776568500000,85.7,85.71,85.56,85.69,515.98,2026-04-19 03:15:00
1776569400000,85.72,85.79,85.61,85.74,1039.102,2026-04-19 03:30:00
1776570300000,85.77,85.78,85.6,85.6,793.828,2026-04-19 03:45:00
1776571200000,85.6,85.91,85.59,85.86,1290.075,2026-04-19 04:00:00
1776572100000,85.86,85.95,85.83,85.88,1274.401,2026-04-19 04:15:00
1776573000000,85.86,85.86,85.17,85.33,3337.351,2026-04-19 04:30:00
1776573900000,85.36,85.64,85.32,85.58,1313.326,2026-04-19 04:45:00
1776574800000,85.57,85.65,85.45,85.5,1013.604,2026-04-19 05:00:00
1776575700000,85.49,85.57,85.44,85.55,1119.289,2026-04-19 05:15:00
1776576600000,85.57,85.8,85.54,85.57,1026.15,2026-04-19 05:30:00
1776577500000,85.56,85.59,85.41,85.5,1178.338,2026-04-19 05:45:00
1776578400000,85.5,85.51,85.27,85.27,1829.254,2026-04-19 06:00:00
1776579300000,85.28,85.46,85.15,85.37,2034.143,2026-04-19 06:15:00
1776580200000,85.38,85.66,85.38,85.5,1025.025,2026-04-19 06:30:00
1776581100000,85.5,85.55,85.39,85.45,751.161,2026-04-19 06:45:00
1776582000000,85.45,85.45,85.07,85.09,1847.961,2026-04-19 07:00:00
1776582900000,85.09,85.09,84.44,84.6,7142.416,2026-04-19 07:15:00
1776583800000,84.6,84.92,84.44,84.8,3403.089,2026-04-19 07:30:00
1776584700000,84.79,84.95,84.76,84.89,1104.961,2026-04-19 07:45:00
1776585600000,84.86,85.02,84.78,85.0,1266.494,2026-04-19 08:00:00
1776586500000,85.01,85.13,84.86,84.86,1300.238,2026-04-19 08:15:00
1776587400000,84.86,84.95,84.76,84.82,1578.193,2026-04-19 08:30:00
1776588300000,84.82,84.87,84.64,84.81,2224.069,2026-04-19 08:45:00
1776589200000,84.81,84.9,84.75,84.8,1137.80198125,2026-04-19 09:00:00
1776590100000,84.8,84.85,84.6,84.85,1351.39,2026-04-19 09:15:00
1776591000000,84.86,85.03,84.73,84.74,1979.757,2026-04-19 09:30:00
1776591900000,84.75,84.77,84.59,84.6,1979.537,2026-04-19 09:45:00
1776592800000,84.59,84.71,84.44,84.64,2070.354,2026-04-19 10:00:00
1776593700000,84.63,84.73,84.58,84.67,1097.244,2026-04-19 10:15:00
1776594600000,84.66,84.71,84.63,84.69,680.593,2026-04-19 10:30:00
1776595500000,84.72,84.89,84.71,84.78,1175.7,2026-04-19 10:45:00
1776596400000,84.79,85.43,84.76,85.33,1541.21097785,2026-04-19 11:00:00
1776597300000,85.32,85.46,85.25,85.27,1700.27,2026-04-19 11:15:00
1776598200000,85.25,85.51,85.25,85.5,1776.580690862876,2026-04-19 11:30:00
1776599100000,85.5,85.69,85.47,85.61,2239.652,2026-04-19 11:45:00
1776600000000,85.62,85.77,85.57,85.68,2684.617,2026-04-19 12:00:00
1776600900000,85.69,85.86,85.65,85.67,2231.793,2026-04-19 12:15:00
1776601800000,85.68,85.71,85.56,85.63,1222.885,2026-04-19 12:30:00
1776602700000,85.63,85.97,85.6,85.8,1759.222,2026-04-19 12:45:00
1776603600000,85.77,86.32,85.77,86.24,3429.939,2026-04-19 13:00:00
1776604500000,86.23,86.93,86.23,86.58,5085.9245272,2026-04-19 13:15:00
1776605400000,86.65,86.73,86.28,86.5,2745.467,2026-04-19 13:30:00
1776606300000,86.5,86.51,86.25,86.31,1947.083,2026-04-19 13:45:00
1776607200000,86.33,86.43,86.01,86.24,1318.442,2026-04-19 14:00:00
1776608100000,86.23,87.08,86.22,87.03,2235.528,2026-04-19 14:15:00
1776609000000,87.04,87.11,86.49,86.77,3349.219,2026-04-19 14:30:00
1776609900000,86.77,87.0,86.51,86.53,1524.12,2026-04-19 14:45:00
1776610800000,86.53,86.56,86.26,86.44,1562.45399801,2026-04-19 15:00:00
1776611700000,86.43,86.66,86.27,86.37,1337.846,2026-04-19 15:15:00
1776612600000,86.38,86.38,85.61,85.97,2729.864,2026-04-19 15:30:00
1776613500000,85.94,86.35,85.89,86.35,1543.253,2026-04-19 15:45:00
1776614400000,86.36,86.51,86.13,86.23,2021.263,2026-04-19 16:00:00
1776615300000,86.22,86.31,86.01,86.06,2346.796,2026-04-19 16:15:00
1776616200000,86.05,86.25,86.03,86.11,1247.394,2026-04-19 16:30:00
1776617100000,86.1,86.24,85.74,85.85,3580.501,2026-04-19 16:45:00
1776618000000,85.8,85.85,85.35,85.68,3983.11999934,2026-04-19 17:00:00
1776618900000,85.67,85.99,85.58,85.64,1886.813,2026-04-19 17:15:00
1776619800000,85.67,85.79,85.33,85.51,1860.914,2026-04-19 17:30:00
1776620700000,85.52,85.58,85.01,85.14,3159.605,2026-04-19 17:45:00
1776621600000,85.15,85.25,84.99,85.22,3083.054,2026-04-19 18:00:00
1776622500000,85.23,85.3,84.96,85.16,2593.421,2026-04-19 18:15:00
1776623400000,85.1,85.13,84.96,85.02,1398.187,2026-04-19 18:30:00
1776624300000,84.99,85.17,84.89,85.12,1181.782,2026-04-19 18:45:00
1776625200000,85.12,85.45,85.12,85.38,1987.759,2026-04-19 19:00:00
1776626100000,85.4,85.55,85.29,85.41,2393.324,2026-04-19 19:15:00
1776627000000,85.44,85.54,85.27,85.27,621.374,2026-04-19 19:30:00
1776627900000,85.28,85.35,85.24,85.33,520.095,2026-04-19 19:45:00
1776628800000,85.33,85.36,85.06,85.17,1629.413,2026-04-19 20:00:00
1776629700000,85.16,85.18,84.88,85.03,1594.079,2026-04-19 20:15:00
1776630600000,85.01,85.24,84.8,84.84,2236.983,2026-04-19 20:30:00
1776631500000,84.86,85.16,84.76,84.97,1875.293,2026-04-19 20:45:00
1776632400000,84.97,85.13,84.89,85.11,1253.249,2026-04-19 21:00:00
1776633300000,85.1,85.16,84.94,85.16,1025.192,2026-04-19 21:15:00
1776634200000,85.16,85.23,85.08,85.13,978.395,2026-04-19 21:30:00
1776635100000,85.12,85.21,84.6,84.71,4105.421,2026-04-19 21:45:00
1776636000000,84.7,84.7,84.0,84.04,16274.276,2026-04-19 22:00:00
1776636900000,84.03,84.03,82.93,83.41,25290.932,2026-04-19 22:15:00
1776637800000,83.4,83.81,83.35,83.8,3473.49773822,2026-04-19 22:30:00
1776638700000,83.81,83.89,83.71,83.76,1120.265,2026-04-19 22:45:00
1776639600000,83.75,83.76,83.39,83.57,2920.232,2026-04-19 23:00:00
1776640500000,83.56,83.58,83.33,83.55,1678.027,2026-04-19 23:15:00
1776641400000,83.57,83.65,83.46,83.53,2059.578,2026-04-19 23:30:00
1776642300000,83.53,83.66,83.45,83.46,2211.499,2026-04-19 23:45:00
1776643200000,83.48,83.75,83.34,83.61,4482.97936777,2026-04-20 00:00:00
1776644100000,83.61,83.94,83.45,83.92,3213.566,2026-04-20 00:15:00
1776645000000,83.92,83.97,83.75,83.79,1820.045,2026-04-20 00:30:00
1776645900000,83.79,84.19,83.79,84.0,2156.935,2026-04-20 00:45:00
1776646800000,84.0,85.89,83.97,84.24,9372.47999686,2026-04-20 01:00:00
1776647700000,84.24,85.63,83.97,84.13,5128.682,2026-04-20 01:15:00
1776648600000,84.12,84.55,84.12,84.43,2324.439,2026-04-20 01:30:00
1776649500000,84.45,84.52,84.33,84.36,977.066,2026-04-20 01:45:00
1776650400000,84.36,84.4,83.92,83.93,1551.533,2026-04-20 02:00:00
1776651300000,83.93,84.1,83.73,84.08,2038.38,2026-04-20 02:15:00
1776652200000,84.08,84.25,84.03,84.18,1140.644,2026-04-20 02:30:00
1776653100000,84.19,84.3,84.14,84.2,887.162,2026-04-20 02:45:00
1776654000000,84.21,84.37,84.15,84.37,892.313,2026-04-20 03:00:00
1776654900000,84.38,84.44,84.25,84.34,1224.475,2026-04-20 03:15:00
1776655800000,84.35,84.49,84.32,84.49,905.973,2026-04-20 03:30:00
1776656700000,84.49,84.63,84.43,84.59,987.942,2026-04-20 03:45:00
1776657600000,84.59,84.59,84.42,84.42,971.162,2026-04-20 04:00:00
1776658500000,84.42,84.45,84.25,84.4,1032.393,2026-04-20 04:15:00
1776659400000,84.39,84.45,84.38,84.42,472.633,2026-04-20 04:30:00
1776660300000,84.41,84.61,84.41,84.58,535.245,2026-04-20 04:45:00
1776661200000,84.59,84.59,84.1,84.22,2322.926,2026-04-20 05:00:00
1776662100000,84.23,84.23,83.89,83.92,2821.109,2026-04-20 05:15:00
1776663000000,83.92,84.1,83.82,83.82,8745.798,2026-04-20 05:30:00
1776663900000,83.82,83.98,83.77,83.87,1343.148,2026-04-20 05:45:00
1776664800000,83.88,84.04,83.82,83.91,2450.651,2026-04-20 06:00:00
1776665700000,83.9,84.05,83.86,84.0,1305.477,2026-04-20 06:15:00
1776666600000,84.0,84.75,84.0,84.53,4159.598,2026-04-20 06:30:00
1776667500000,84.53,84.56,84.34,84.45,1867.449,2026-04-20 06:45:00
1776668400000,84.5,84.73,84.46,84.68,2011.941,2026-04-20 07:00:00
1776669300000,84.64,85.77,84.6,85.35,9157.502,2026-04-20 07:15:00
1776670200000,85.39,85.42,84.77,84.83,4472.506,2026-04-20 07:30:00
1776671100000,84.82,84.95,84.53,84.74,2225.106,2026-04-20 07:45:00
1776672000000,84.74,84.79,84.6,84.73,1709.037,2026-04-20 08:00:00
1776672900000,84.75,85.14,84.73,84.89,2530.144,2026-04-20 08:15:00
1776673800000,84.9,85.07,84.69,84.77,1539.207,2026-04-20 08:30:00
1776674700000,84.78,84.82,84.59,84.69,1169.179,2026-04-20 08:45:00
1776675600000,84.68,85.07,84.63,84.95,2500.287,2026-04-20 09:00:00
1776676500000,84.95,85.1,84.92,84.93,1236.769,2026-04-20 09:15:00
1776677400000,84.94,85.21,84.93,85.11,1360.978,2026-04-20 09:30:00
1776678300000,85.13,85.24,85.01,85.01,777.809,2026-04-20 09:45:00
1776679200000,85.11,85.35,85.04,85.33,1921.359,2026-04-20 10:00:00
1776680100000,85.34,85.4,85.2,85.23,956.202,2026-04-20 10:15:00
1776681000000,85.2,85.2,84.89,85.0,1566.071,2026-04-20 10:30:00
1776681900000,85.0,85.0,84.83,84.83,385.225,2026-04-20 10:45:00
1776682800000,84.86,85.03,84.78,85.03,1654.122,2026-04-20 11:00:00
1776683700000,85.04,85.16,84.94,85.08,482.678,2026-04-20 11:15:00
1776684600000,85.05,85.3,84.98,85.23,1235.646,2026-04-20 11:30:00
1776685500000,85.24,85.35,85.03,85.07,1230.368,2026-04-20 11:45:00
1776686400000,85.06,85.3,84.89,85.21,2337.219,2026-04-20 12:00:00
1776687300000,85.19,85.54,85.15,85.37,2603.775,2026-04-20 12:15:00
1776688200000,85.38,85.38,84.88,85.11,2390.333,2026-04-20 12:30:00
1776689100000,85.11,85.33,85.11,85.33,1075.287,2026-04-20 12:45:00
1776690000000,85.33,85.54,85.17,85.38,2882.64995799,2026-04-20 13:00:00
1776690900000,85.39,85.46,85.07,85.21,1651.134,2026-04-20 13:15:00
1776691800000,85.22,85.52,84.87,85.28,5791.646,2026-04-20 13:30:00
1776692700000,85.25,85.44,85.06,85.31,3444.443,2026-04-20 13:45:00
1776693600000,85.3,85.3,84.97,85.07,9748.726,2026-04-20 14:00:00
1776694500000,85.05,85.81,85.02,85.46,13435.734,2026-04-20 14:15:00
1776695400000,85.47,85.6,85.05,85.29,3173.387,2026-04-20 14:30:00
1776696300000,85.29,85.38,84.53,84.78,7672.67,2026-04-20 14:45:00
1776697200000,84.83,84.94,84.42,84.83,4480.869,2026-04-20 15:00:00
1776698100000,84.85,85.78,84.79,85.78,5364.741,2026-04-20 15:15:00
1776699000000,85.72,85.72,85.43,85.5,4997.854,2026-04-20 15:30:00
1776699900000,85.5,85.86,85.42,85.84,2841.993,2026-04-20 15:45:00
1776700800000,85.85,85.87,85.5,85.62,2579.727,2026-04-20 16:00:00
1776701700000,85.63,85.67,85.46,85.55,1744.608,2026-04-20 16:15:00
1776702600000,85.58,85.73,85.44,85.63,1604.075,2026-04-20 16:30:00
1776703500000,85.63,85.65,85.26,85.27,1276.997,2026-04-20 16:45:00
1776704400000,85.3,85.93,85.26,85.82,2354.696,2026-04-20 17:00:00
1776705300000,85.8,86.1,85.74,85.84,1942.363,2026-04-20 17:15:00
1776706200000,85.85,85.93,85.64,85.77,773.994,2026-04-20 17:30:00
1776707100000,85.79,86.05,85.64,85.7,1655.832,2026-04-20 17:45:00
1776708000000,85.71,86.16,85.71,86.09,2927.929,2026-04-20 18:00:00
1776708900000,86.12,86.21,86.0,86.0,1671.749,2026-04-20 18:15:00
1776709800000,85.99,86.16,85.81,86.04,3036.699,2026-04-20 18:30:00
1776710700000,86.04,86.13,85.73,86.06,3026.403,2026-04-20 18:45:00
1776711600000,86.07,86.09,85.96,85.99,2349.058,2026-04-20 19:00:00
1776712500000,86.0,86.0,85.77,85.89,971.031,2026-04-20 19:15:00
1776713400000,85.88,85.94,85.84,85.85,900.424,2026-04-20 19:30:00
1776714300000,85.84,85.98,85.8,85.81,2782.937,2026-04-20 19:45:00
1776715200000,85.79,85.91,85.66,85.88,2359.091,2026-04-20 20:00:00
1776716100000,85.87,86.16,85.85,85.91,1682.784,2026-04-20 20:15:00
1776717000000,85.9,85.9,85.78,85.83,1267.673,2026-04-20 20:30:00
1776717900000,85.83,85.97,85.77,85.94,1898.209,2026-04-20 20:45:00
1776718800000,85.96,86.19,85.65,85.8,3838.605,2026-04-20 21:00:00
1776719700000,85.81,85.85,85.67,85.75,1960.809,2026-04-20 21:15:00
1776720600000,85.75,85.79,85.59,85.71,1658.881,2026-04-20 21:30:00
1776721500000,85.72,85.86,85.68,85.79,1827.047,2026-04-20 21:45:00
1776722400000,85.8,86.06,85.78,85.91,2262.023,2026-04-20 22:00:00
1776723300000,85.92,85.96,85.66,85.73,1423.757,2026-04-20 22:15:00
1776724200000,85.73,85.88,85.61,85.69,953.701,2026-04-20 22:30:00
1776725100000,85.72,85.72,85.62,85.7,1343.356,2026-04-20 22:45:00
1776726000000,85.69,85.7,85.35,85.36,3725.752,2026-04-20 23:00:00
1776726900000,85.36,85.42,85.22,85.27,1831.409,2026-04-20 23:15:00
1776727800000,85.27,85.34,85.21,85.28,1824.591,2026-04-20 23:30:00
1776728700000,85.28,85.31,85.21,85.26,1558.601,2026-04-20 23:45:00
1776729600000,85.29,85.5,85.25,85.47,920.919,2026-04-21 00:00:00
1776730500000,85.44,85.53,85.35,85.51,1843.914,2026-04-21 00:15:00
1776731400000,85.54,85.56,85.42,85.48,943.114,2026-04-21 00:30:00
1776732300000,85.5,85.76,85.5,85.65,1017.736,2026-04-21 00:45:00
1776733200000,85.63,85.8,85.55,85.76,1654.99,2026-04-21 01:00:00
1776734100000,85.71,85.71,85.58,85.67,1102.484,2026-04-21 01:15:00
1776735000000,85.68,85.8,85.49,85.57,1269.57,2026-04-21 01:30:00
1776735900000,85.59,85.6,85.36,85.43,1235.913,2026-04-21 01:45:00
1776736800000,85.43,85.46,85.24,85.26,285.695,2026-04-21 02:00:00
1776737700000,85.27,85.34,85.17,85.3,949.048,2026-04-21 02:15:00
1776738600000,85.27,85.39,85.27,85.27,958.64596584,2026-04-21 02:30:00
1776739500000,85.27,85.31,85.22,85.27,437.619,2026-04-21 02:45:00
1776740400000,85.26,85.27,85.08,85.18,1000.112,2026-04-21 03:00:00
1776741300000,85.17,85.36,85.07,85.31,929.697,2026-04-21 03:15:00
1776742200000,85.32,85.52,84.99,85.12,2369.953,2026-04-21 03:30:00
1776743100000,85.16,85.31,85.1,85.17,647.983,2026-04-21 03:45:00
1776744000000,85.18,85.25,85.1,85.1,448.183,2026-04-21 04:00:00
1776744900000,85.12,85.19,85.03,85.09,506.794,2026-04-21 04:15:00
1776745800000,85.1,85.22,85.03,85.22,877.41599934,2026-04-21 04:30:00
1776746700000,85.23,85.46,85.18,85.43,1300.578,2026-04-21 04:45:00
1776747600000,85.42,85.82,85.41,85.66,1062.785,2026-04-21 05:00:00
1776748500000,85.66,85.79,85.57,85.68,1725.575,2026-04-21 05:15:00
1776749400000,85.68,85.7,85.62,85.7,485.435,2026-04-21 05:30:00
1776750300000,85.69,85.7,85.62,85.66,608.739,2026-04-21 05:45:00
1776751200000,85.69,85.71,85.47,85.53,1174.517,2026-04-21 06:00:00
1776752100000,85.53,85.55,85.18,85.3,2221.649,2026-04-21 06:15:00
1776753000000,85.32,85.94,85.32,85.72,2010.224,2026-04-21 06:30:00
1776753900000,85.72,85.77,85.67,85.68,230.54498784,2026-04-21 06:45:00
1776754800000,85.67,85.67,85.43,85.52,755.904,2026-04-21 07:00:00
1776755700000,85.52,85.9,85.42,85.76,1195.429,2026-04-21 07:15:00
1776756600000,85.8,85.9,85.6,85.86,1892.102,2026-04-21 07:30:00
1776757500000,85.83,85.96,85.68,85.7,1270.944,2026-04-21 07:45:00
1776758400000,85.71,85.84,85.63,85.68,1259.235,2026-04-21 08:00:00
1776759300000,85.7,85.94,85.7,85.9,1347.684,2026-04-21 08:15:00
1776760200000,85.9,86.02,85.76,85.96,1232.098,2026-04-21 08:30:00
1776761100000,85.95,86.36,85.78,85.8,3845.375,2026-04-21 08:45:00
1776762000000,85.8,85.85,85.63,85.74,1482.513,2026-04-21 09:00:00
1776762900000,85.77,85.89,85.53,85.57,1227.177,2026-04-21 09:15:00
1776763800000,85.6,85.78,85.6,85.78,1601.857,2026-04-21 09:30:00
1776764700000,85.8,85.88,85.74,85.86,954.217,2026-04-21 09:45:00
1776765600000,85.88,86.06,85.87,85.94,845.43,2026-04-21 10:00:00
1776766500000,85.94,86.02,85.85,85.95,949.341,2026-04-21 10:15:00
1776767400000,85.95,86.1,85.89,86.1,1238.441,2026-04-21 10:30:00
1776768300000,86.08,86.3,86.08,86.15,1386.455,2026-04-21 10:45:00
1776769200000,86.17,86.17,85.73,85.81,3101.584,2026-04-21 11:00:00
1776770100000,85.81,86.15,85.77,86.06,1156.355,2026-04-21 11:15:00
1776771000000,86.08,86.12,85.87,85.89,682.885,2026-04-21 11:30:00
1776771900000,85.87,85.9,85.83,85.85,549.608,2026-04-21 11:45:00
1776772800000,85.85,86.01,85.82,85.82,1873.895,2026-04-21 12:00:00
1776773700000,85.8,85.85,85.76,85.83,1196.637,2026-04-21 12:15:00
1776774600000,85.85,85.89,85.19,85.32,4035.111,2026-04-21 12:30:00
1776775500000,85.31,85.58,85.21,85.52,1546.377,2026-04-21 12:45:00
1776776400000,85.53,85.56,85.37,85.41,1274.121,2026-04-21 13:00:00
1776777300000,85.4,85.58,85.37,85.45,703.665,2026-04-21 13:15:00
1776778200000,85.44,85.85,85.3,85.69,3036.193,2026-04-21 13:30:00
1776779100000,85.69,85.84,85.63,85.8,1550.71,2026-04-21 13:45:00
1776780000000,85.82,85.9,85.61,85.68,1786.902,2026-04-21 14:00:00
1776780900000,85.71,86.25,85.71,86.04,2644.566,2026-04-21 14:15:00
1776781800000,86.02,86.89,86.02,86.58,3771.824,2026-04-21 14:30:00
1776782700000,86.57,86.59,85.74,85.77,3120.768,2026-04-21 14:45:00
1776783600000,85.84,86.23,85.55,86.19,9720.60393586,2026-04-21 15:00:00
1776784500000,86.19,86.27,85.56,85.7,5152.194,2026-04-21 15:15:00
1776785400000,85.71,85.9,85.4,85.74,1448.659,2026-04-21 15:30:00
1776786300000,85.76,86.06,85.71,86.05,1595.063,2026-04-21 15:45:00
1776787200000,86.06,86.24,85.93,86.1,5281.439,2026-04-21 16:00:00
1776788100000,86.11,86.12,85.83,85.89,2705.569,2026-04-21 16:15:00
1776789000000,85.88,86.28,85.85,85.87,1949.654,2026-04-21 16:30:00
1776789900000,85.92,86.11,85.66,85.7,1265.395,2026-04-21 16:45:00
1776790800000,85.69,85.76,85.25,85.39,3159.597,2026-04-21 17:00:00
1776791700000,85.39,85.4,84.73,85.05,4205.926,2026-04-21 17:15:00
1776792600000,85.0,85.79,84.89,85.56,5199.241,2026-04-21 17:30:00
1776793500000,85.58,85.59,85.29,85.33,1663.613,2026-04-21 17:45:00
1776794400000,85.32,85.39,85.16,85.31,992.076,2026-04-21 18:00:00
1776795300000,85.32,85.39,84.83,84.92,2866.751,2026-04-21 18:15:00
1776796200000,84.92,85.09,84.9,84.99,1674.402,2026-04-21 18:30:00
1776797100000,85.0,85.25,84.75,85.24,3669.629,2026-04-21 18:45:00
1776798000000,85.26,85.56,85.16,85.24,2690.071,2026-04-21 19:00:00
1776798900000,85.28,85.72,85.16,85.52,3212.214,2026-04-21 19:15:00
1776799800000,85.52,85.52,84.32,84.38,5141.26,2026-04-21 19:30:00
1776800700000,84.37,84.67,84.37,84.57,3329.882,2026-04-21 19:45:00
1776801600000,84.57,85.47,84.46,85.36,10073.726,2026-04-21 20:00:00
1776802500000,85.37,85.66,85.3,85.47,3748.737,2026-04-21 20:15:00
1776803400000,85.47,85.75,85.47,85.55,2240.66,2026-04-21 20:30:00
1776804300000,85.54,85.62,85.37,85.44,2324.263,2026-04-21 20:45:00
1776805200000,85.42,85.56,85.17,85.3,1650.692,2026-04-21 21:00:00
1776806100000,85.29,85.38,85.12,85.14,751.833,2026-04-21 21:15:00
1776807000000,85.14,85.26,85.02,85.04,1361.371,2026-04-21 21:30:00
1776807900000,85.07,85.2,85.05,85.16,699.797,2026-04-21 21:45:00
1776808800000,85.14,85.44,85.06,85.39,2669.334,2026-04-21 22:00:00
1776809700000,85.38,85.39,85.01,85.13,1482.067,2026-04-21 22:15:00
1776810600000,85.13,85.34,85.02,85.32,2922.839,2026-04-21 22:30:00
1776811500000,85.31,85.4,85.22,85.36,519.021,2026-04-21 22:45:00
1776812400000,85.36,85.72,85.34,85.7,1259.974,2026-04-21 23:00:00
1776813300000,85.72,85.86,85.51,85.53,1733.644,2026-04-21 23:15:00
1776814200000,85.54,85.84,85.51,85.82,1468.347,2026-04-21 23:30:00
1776815100000,85.83,86.12,85.83,86.04,1525.682,2026-04-21 23:45:00
1776816000000,86.06,86.19,86.01,86.15,4309.124,2026-04-22 00:00:00
1776816900000,86.15,86.45,86.04,86.31,2515.312,2026-04-22 00:15:00
1776817800000,86.31,86.43,86.11,86.22,2434.752,2026-04-22 00:30:00
1776818700000,86.29,86.51,86.22,86.5,3383.577,2026-04-22 00:45:00
1776819600000,86.49,86.52,86.28,86.43,1155.877,2026-04-22 01:00:00
1776820500000,86.4,86.44,86.1,86.22,1928.742,2026-04-22 01:15:00
1776821400000,86.22,86.36,86.18,86.26,1547.175,2026-04-22 01:30:00
1776822300000,86.25,86.4,86.19,86.29,812.538,2026-04-22 01:45:00
1776823200000,86.3,86.86,86.22,86.67,2561.851,2026-04-22 02:00:00
1776824100000,86.71,87.34,86.71,87.24,6565.762,2026-04-22 02:15:00
1776825000000,87.28,87.54,87.08,87.5,5041.129,2026-04-22 02:30:00
1776825900000,87.5,87.55,87.27,87.41,2983.319,2026-04-22 02:45:00
1776826800000,87.43,87.86,87.31,87.62,4746.528,2026-04-22 03:00:00
1776827700000,87.61,87.61,87.36,87.39,1594.538,2026-04-22 03:15:00
1776828600000,87.41,87.41,87.12,87.3,3709.357,2026-04-22 03:30:00
1776829500000,87.31,87.38,87.21,87.26,1125.313,2026-04-22 03:45:00
1776830400000,87.26,87.34,87.12,87.15,1001.499,2026-04-22 04:00:00
1776831300000,87.12,87.18,87.04,87.12,1096.259,2026-04-22 04:15:00
1776832200000,87.13,87.33,87.11,87.16,2321.633,2026-04-22 04:30:00
1776833100000,87.16,87.16,86.98,87.07,831.52226745,2026-04-22 04:45:00
1776834000000,87.1,87.24,87.02,87.22,1262.87,2026-04-22 05:00:00
1776834900000,87.22,88.19,87.2,88.05,9825.325,2026-04-22 05:15:00
1776835800000,88.06,88.31,87.88,88.02,7194.729,2026-04-22 05:30:00
1776836700000,88.0,88.32,87.99,88.03,4728.574,2026-04-22 05:45:00
1776837600000,88.02,88.08,87.91,87.99,2715.661,2026-04-22 06:00:00
1776838500000,87.99,88.12,87.94,88.12,1618.745,2026-04-22 06:15:00
1776839400000,88.18,88.18,87.87,87.94,2356.036,2026-04-22 06:30:00
1776840300000,87.92,88.0,87.81,87.96,1539.102,2026-04-22 06:45:00
1776841200000,87.95,87.99,87.71,87.98,3479.605,2026-04-22 07:00:00
1776842100000,87.97,87.99,87.81,87.88,2187.495,2026-04-22 07:15:00
1776843000000,87.88,88.13,87.83,88.13,1647.598,2026-04-22 07:30:00
1776843900000,88.12,88.26,87.94,88.04,3090.811,2026-04-22 07:45:00
1776844800000,88.06,88.2,87.94,87.96,3077.207,2026-04-22 08:00:00
1776845700000,87.97,88.0,87.71,87.71,2208.602,2026-04-22 08:15:00
1776846600000,87.72,87.81,87.62,87.7,3354.4,2026-04-22 08:30:00
1776847500000,87.7,88.29,87.7,88.01,3072.425,2026-04-22 08:45:00
1776848400000,88.0,88.85,87.85,88.41,6944.423,2026-04-22 09:00:00
1776849300000,88.41,88.57,88.37,88.5,3352.104,2026-04-22 09:15:00
1776850200000,88.51,88.56,88.41,88.45,1518.882,2026-04-22 09:30:00
1776851100000,88.46,88.46,88.21,88.3,1428.91042915,2026-04-22 09:45:00
1776852000000,88.3,88.42,88.15,88.24,1085.864,2026-04-22 10:00:00
1776852900000,88.24,88.29,88.14,88.22,841.484,2026-04-22 10:15:00
1776853800000,88.24,88.38,88.24,88.35,1293.097,2026-04-22 10:30:00
1776854700000,88.37,88.37,88.25,88.33,1100.961,2026-04-22 10:45:00
1776855600000,88.32,88.42,88.17,88.27,1028.678,2026-04-22 11:00:00
1776856500000,88.27,88.47,88.21,88.26,2497.554,2026-04-22 11:15:00
1776857400000,88.27,88.42,88.17,88.21,1810.411,2026-04-22 11:30:00
1776858300000,88.2,88.33,88.2,88.3,2058.313,2026-04-22 11:45:00
1776859200000,88.31,88.47,88.22,88.42,2206.403,2026-04-22 12:00:00
1776860100000,88.4,88.48,88.3,88.34,908.811,2026-04-22 12:15:00
1776861000000,88.32,88.52,88.27,88.42,1067.926,2026-04-22 12:30:00
1776861900000,88.44,88.65,88.44,88.6,2375.994,2026-04-22 12:45:00
1776862800000,88.56,88.88,88.46,88.72,2226.521,2026-04-22 13:00:00
1776863700000,88.76,88.81,88.66,88.71,1202.87,2026-04-22 13:15:00
1776864600000,88.73,88.99,88.44,88.96,3917.654,2026-04-22 13:30:00
1776865500000,88.97,89.16,88.9,89.1,6581.991,2026-04-22 13:45:00
1776866400000,89.14,89.31,88.98,89.29,3147.058,2026-04-22 14:00:00
1776867300000,89.3,89.31,88.89,89.04,2728.815,2026-04-22 14:15:00
1776868200000,89.05,89.06,88.49,88.6,3992.906,2026-04-22 14:30:00
1776869100000,88.6,88.84,88.57,88.77,3103.837,2026-04-22 14:45:00
1776870000000,88.74,88.79,88.38,88.38,3026.745,2026-04-22 15:00:00
1776870900000,88.38,88.46,88.05,88.13,3787.77564597,2026-04-22 15:15:00
1776871800000,88.14,88.49,88.14,88.3,3763.144,2026-04-22 15:30:00
1776872700000,88.3,88.48,88.18,88.19,1564.14,2026-04-22 15:45:00
1776873600000,88.21,88.46,88.09,88.25,2970.95694762,2026-04-22 16:00:00
1776874500000,88.27,88.28,87.82,87.94,1960.735,2026-04-22 16:15:00
1776875400000,87.91,87.97,87.78,87.86,2409.244,2026-04-22 16:30:00
1776876300000,87.83,87.86,87.54,87.65,3077.277,2026-04-22 16:45:00
1776877200000,87.66,87.99,87.64,87.87,2585.097,2026-04-22 17:00:00
1776878100000,87.89,88.0,87.74,87.88,1229.55,2026-04-22 17:15:00
1776879000000,87.89,87.98,87.79,87.9,789.781,2026-04-22 17:30:00
1776879900000,87.89,88.01,87.73,87.84,1523.768,2026-04-22 17:45:00
1776880800000,87.84,88.13,87.84,88.13,677.078,2026-04-22 18:00:00
1776881700000,88.13,88.2,88.09,88.18,1134.241,2026-04-22 18:15:00
1776882600000,88.17,88.27,88.14,88.15,1126.316,2026-04-22 18:30:00
1776883500000,88.14,88.37,87.81,87.81,1746.746,2026-04-22 18:45:00
1776884400000,87.83,87.83,87.44,87.54,3263.307,2026-04-22 19:00:00
1776885300000,87.55,87.83,87.49,87.68,2148.086,2026-04-22 19:15:00
1776886200000,87.69,87.7,87.1,87.31,1468.84,2026-04-22 19:30:00
1776887100000,87.3,87.47,87.25,87.38,2253.591,2026-04-22 19:45:00
1776888000000,87.39,87.49,87.3,87.4,1736.243,2026-04-22 20:00:00
1776888900000,87.4,87.41,87.1,87.29,1709.083,2026-04-22 20:15:00
1776889800000,87.3,87.35,87.12,87.25,1299.821,2026-04-22 20:30:00
1776890700000,87.21,87.21,87.1,87.13,2335.931,2026-04-22 20:45:00
1776891600000,87.13,87.32,87.11,87.29,658.843,2026-04-22 21:00:00
1776892500000,87.3,87.44,87.28,87.44,491.004,2026-04-22 21:15:00
1776893400000,87.43,87.63,87.38,87.54,1152.718,2026-04-22 21:30:00
1776894300000,87.55,87.63,87.51,87.6,1285.128,2026-04-22 21:45:00
1776895200000,87.58,87.71,87.46,87.57,852.299,2026-04-22 22:00:00
1776896100000,87.55,87.56,87.3,87.33,1041.594,2026-04-22 22:15:00
1776897000000,87.37,87.45,87.31,87.38,1096.405,2026-04-22 22:30:00
1776897900000,87.37,87.42,87.33,87.42,410.269,2026-04-22 22:45:00
1776898800000,87.44,87.47,87.22,87.31,960.278,2026-04-22 23:00:00
1776899700000,87.31,87.33,86.84,87.01,2158.887,2026-04-22 23:15:00
1776900600000,86.99,87.0,86.83,86.97,1043.047,2026-04-22 23:30:00
1776901500000,86.95,87.02,86.81,86.87,1218.605,2026-04-22 23:45:00
1776902400000,86.88,87.03,86.45,86.46,6705.209,2026-04-23 00:00:00
1776903300000,86.44,87.05,85.98,86.94,7510.576,2026-04-23 00:15:00
1776904200000,86.93,87.15,86.79,87.0,11081.935,2026-04-23 00:30:00
1776905100000,86.99,87.04,86.71,86.83,1022.914,2026-04-23 00:45:00
1776906000000,86.87,86.87,86.52,86.52,1863.387,2026-04-23 01:00:00
1776906900000,86.55,86.55,86.17,86.19,2356.772,2026-04-23 01:15:00
1776907800000,86.17,86.49,86.14,86.37,2278.769,2026-04-23 01:30:00
1776908700000,86.38,86.5,86.25,86.44,1618.903,2026-04-23 01:45:00
1776909600000,86.44,86.44,86.22,86.22,1494.195,2026-04-23 02:00:00
1776910500000,86.2,86.34,85.98,86.08,3097.767,2026-04-23 02:15:00
1776911400000,86.08,86.09,85.72,85.88,12686.274,2026-04-23 02:30:00
1776912300000,85.88,86.09,85.85,85.98,1538.945,2026-04-23 02:45:00
1776913200000,85.95,86.08,85.81,85.81,769.291,2026-04-23 03:00:00
1776914100000,85.79,85.88,85.72,85.81,1585.596,2026-04-23 03:15:00
1776915000000,85.81,85.84,85.49,85.67,2955.504,2026-04-23 03:30:00
1776915900000,85.69,85.79,85.59,85.79,1560.571,2026-04-23 03:45:00
1776916800000,85.77,85.9,85.65,85.82,1426.887,2026-04-23 04:00:00
1776917700000,85.82,85.88,85.75,85.81,704.462,2026-04-23 04:15:00
1776918600000,85.81,85.98,85.81,85.97,6512.339,2026-04-23 04:30:00
1776919500000,85.93,86.0,85.9,85.97,1724.196,2026-04-23 04:45:00
1776920400000,85.97,86.14,85.85,85.97,2854.455,2026-04-23 05:00:00
1776921300000,85.98,86.07,85.91,85.97,1164.015,2026-04-23 05:15:00
1776922200000,85.95,85.98,85.52,85.71,1858.465,2026-04-23 05:30:00
1776923100000,85.74,85.93,85.73,85.86,894.639,2026-04-23 05:45:00
1776924000000,85.88,86.13,85.86,85.99,1005.787,2026-04-23 06:00:00
1776924900000,86.0,86.15,86.0,86.15,1260.746,2026-04-23 06:15:00
1776925800000,86.14,86.23,85.98,85.98,1826.891,2026-04-23 06:30:00
1776926700000,86.01,86.21,86.01,86.19,938.583,2026-04-23 06:45:00
1776927600000,86.2,86.22,86.08,86.09,711.023,2026-04-23 07:00:00
1776928500000,86.11,86.12,86.02,86.07,909.801,2026-04-23 07:15:00
1776929400000,86.07,86.22,86.01,86.05,940.043,2026-04-23 07:30:00
1776930300000,86.08,86.09,85.87,85.9,1831.155,2026-04-23 07:45:00
1776931200000,85.9,85.93,85.75,85.9,1197.875,2026-04-23 08:00:00
1776932100000,85.87,85.95,85.66,85.82,1310.242,2026-04-23 08:15:00
1776933000000,85.82,85.86,85.56,85.59,959.932,2026-04-23 08:30:00
1776933900000,85.6,85.77,85.59,85.71,1627.446,2026-04-23 08:45:00
1776934800000,85.71,85.71,85.29,85.43,2216.304,2026-04-23 09:00:00
1776935700000,85.44,85.64,85.44,85.58,1007.56,2026-04-23 09:15:00
1776936600000,85.59,85.66,85.59,85.62,258.613,2026-04-23 09:30:00
1776937500000,85.61,85.62,85.4,85.53,1169.509,2026-04-23 09:45:00
1776938400000,85.51,85.61,85.22,85.25,3291.515,2026-04-23 10:00:00
1776939300000,85.26,85.41,85.25,85.38,1073.859,2026-04-23 10:15:00
1776940200000,85.37,85.46,85.37,85.4,339.722,2026-04-23 10:30:00
1776941100000,85.4,85.47,85.32,85.43,990.937,2026-04-23 10:45:00
1776942000000,85.43,85.51,85.38,85.47,1242.788,2026-04-23 11:00:00
1776942900000,85.46,85.66,85.45,85.61,752.844,2026-04-23 11:15:00
1776943800000,85.61,85.76,85.57,85.72,1218.043,2026-04-23 11:30:00
1776944700000,85.71,85.89,85.7,85.78,6441.075,2026-04-23 11:45:00
1776945600000,85.78,86.08,85.78,86.01,2619.476,2026-04-23 12:00:00
1776946500000,86.01,86.05,85.91,86.0,1558.422,2026-04-23 12:15:00
1776947400000,86.01,86.04,85.95,85.96,1027.354,2026-04-23 12:30:00
1776948300000,85.98,86.03,85.7,85.95,5899.038,2026-04-23 12:45:00
1776949200000,85.96,86.03,85.71,85.75,1536.673,2026-04-23 13:00:00
1776950100000,85.78,85.83,85.65,85.71,1191.339,2026-04-23 13:15:00
1776951000000,85.71,85.9,85.68,85.82,1789.727,2026-04-23 13:30:00
1776951900000,85.81,85.99,85.57,85.76,2910.514,2026-04-23 13:45:00
1776952800000,85.71,85.84,85.56,85.61,1527.602,2026-04-23 14:00:00
1776953700000,85.63,86.08,85.59,85.83,2432.527,2026-04-23 14:15:00
1776954600000,85.84,86.1,85.84,86.0,2465.588,2026-04-23 14:30:00
1776955500000,86.04,86.18,86.03,86.06,4218.549,2026-04-23 14:45:00
1776956400000,86.06,86.07,85.82,85.88,1260.468,2026-04-23 15:00:00
1776957300000,85.88,86.5,85.84,86.1,3383.004,2026-04-23 15:15:00
1776958200000,86.1,86.47,86.0,86.36,2210.13414589,2026-04-23 15:30:00
1776959100000,86.29,86.64,86.17,86.35,3683.716,2026-04-23 15:45:00
1776960000000,86.34,86.41,86.19,86.19,1132.3,2026-04-23 16:00:00
1776960900000,86.19,86.26,86.08,86.15,1481.655,2026-04-23 16:15:00
1776961800000,86.1,86.22,86.05,86.13,890.758,2026-04-23 16:30:00
1776962700000,86.12,86.14,85.8,85.8,2088.536,2026-04-23 16:45:00
1776963600000,85.82,85.88,85.29,85.36,3780.852,2026-04-23 17:00:00
1776964500000,85.34,85.34,84.91,85.03,5509.647,2026-04-23 17:15:00
1776965400000,85.03,85.23,84.5,84.76,6295.82688267,2026-04-23 17:30:00
1776966300000,84.74,85.43,84.55,85.36,8637.29001888,2026-04-23 17:45:00
1776967200000,85.36,85.63,85.29,85.43,2836.69699417,2026-04-23 18:00:00
1776968100000,85.42,85.53,85.27,85.34,1780.67,2026-04-23 18:15:00
1776969000000,85.34,85.67,85.34,85.57,1660.621,2026-04-23 18:30:00
1776969900000,85.52,85.57,85.23,85.27,1799.034,2026-04-23 18:45:00
1776970800000,85.26,85.37,85.15,85.35,1765.963,2026-04-23 19:00:00
1776971700000,85.37,85.56,85.36,85.36,972.081,2026-04-23 19:15:00
1776972600000,85.34,85.39,85.23,85.3,1265.817,2026-04-23 19:30:00
1776973500000,85.32,85.53,85.21,85.31,2974.01,2026-04-23 19:45:00
1776974400000,85.3,85.64,85.29,85.49,1374.878,2026-04-23 20:00:00
1776975300000,85.5,85.64,85.43,85.5,1160.761,2026-04-23 20:15:00
1776976200000,85.52,85.84,85.47,85.79,1287.199,2026-04-23 20:30:00
1776977100000,85.78,85.83,85.59,85.6,1514.811,2026-04-23 20:45:00
1776978000000,85.6,85.7,85.52,85.63,1165.414,2026-04-23 21:00:00
1776978900000,85.63,85.79,85.59,85.79,1271.191,2026-04-23 21:15:00
1776979800000,85.8,86.0,85.8,85.98,1742.253,2026-04-23 21:30:00
1776980700000,85.98,86.0,85.79,85.8,1277.454,2026-04-23 21:45:00
1776981600000,85.78,86.07,85.78,85.96,2685.557,2026-04-23 22:00:00
1776982500000,85.97,86.25,85.96,86.17,1668.699,2026-04-23 22:15:00
1776983400000,86.17,86.24,86.11,86.16,1159.666,2026-04-23 22:30:00
1776984300000,86.19,86.2,85.92,85.95,1502.29,2026-04-23 22:45:00
1776985200000,85.95,85.99,85.75,85.76,1216.377,2026-04-23 23:00:00
1776986100000,85.75,86.08,85.62,85.96,2216.02294457,2026-04-23 23:15:00
1776987000000,85.98,86.13,85.97,86.12,570.783,2026-04-23 23:30:00
1776987900000,86.12,86.19,86.09,86.12,427.82,2026-04-23 23:45:00
1776988800000,86.13,86.18,86.05,86.09,1239.801,2026-04-24 00:00:00
1776989700000,86.09,86.35,86.05,86.21,1552.877,2026-04-24 00:15:00
1776990600000,86.21,86.32,86.16,86.16,1390.24,2026-04-24 00:30:00
1776991500000,86.17,86.27,86.14,86.19,855.058,2026-04-24 00:45:00
1776992400000,86.21,86.21,85.88,85.94,1818.508,2026-04-24 01:00:00
1776993300000,85.95,85.97,85.84,85.94,735.961,2026-04-24 01:15:00
1776994200000,85.95,86.03,85.83,85.9,1168.086,2026-04-24 01:30:00
1776995100000,85.92,86.32,85.92,86.28,1325.722,2026-04-24 01:45:00
1776996000000,86.26,86.36,86.1,86.14,921.46296785,2026-04-24 02:00:00
1776996900000,86.13,86.18,86.02,86.02,924.482,2026-04-24 02:15:00
1776997800000,86.03,86.11,86.03,86.09,1383.341,2026-04-24 02:30:00
1776998700000,86.1,86.12,85.78,85.9,1483.333,2026-04-24 02:45:00
1776999600000,85.89,85.93,85.85,85.91,1109.469,2026-04-24 03:00:00
1777000500000,85.89,85.89,85.59,85.68,2120.747,2026-04-24 03:15:00
1777001400000,85.68,85.68,85.41,85.47,2182.577,2026-04-24 03:30:00
1777002300000,85.52,85.7,85.52,85.7,1219.219,2026-04-24 03:45:00
1777003200000,85.69,85.7,85.57,85.61,900.93,2026-04-24 04:00:00
1777004100000,85.61,85.7,85.43,85.46,1228.405,2026-04-24 04:15:00
1777005000000,85.46,85.52,85.17,85.3,1379.707,2026-04-24 04:30:00
1777005900000,85.33,85.44,85.31,85.33,548.833,2026-04-24 04:45:00
1777006800000,85.31,85.39,85.17,85.34,1486.882,2026-04-24 05:00:00
1777007700000,85.34,85.42,85.19,85.36,1138.022,2026-04-24 05:15:00
1777008600000,85.38,85.47,85.24,85.45,710.113,2026-04-24 05:30:00
1777009500000,85.46,85.82,85.46,85.7,3056.084,2026-04-24 05:45:00
1777010400000,85.71,85.72,85.6,85.68,851.36,2026-04-24 06:00:00
1777011300000,85.68,85.69,85.49,85.65,1127.639,2026-04-24 06:15:00
1777012200000,85.65,85.66,85.34,85.46,876.188,2026-04-24 06:30:00
1777013100000,85.44,85.53,85.39,85.43,697.269,2026-04-24 06:45:00
1777014000000,85.43,85.61,85.41,85.51,695.432,2026-04-24 07:00:00
1777014900000,85.5,85.51,85.38,85.45,908.424,2026-04-24 07:15:00
1777015800000,85.45,85.47,85.35,85.41,1520.548,2026-04-24 07:30:00
1777016700000,85.4,85.54,85.4,85.49,932.11,2026-04-24 07:45:00
1777017600000,85.5,85.5,85.3,85.35,630.722,2026-04-24 08:00:00
1777018500000,85.39,85.74,85.39,85.54,1682.071,2026-04-24 08:15:00
1777019400000,85.53,85.53,85.33,85.41,1227.634,2026-04-24 08:30:00
1777020300000,85.41,85.52,85.34,85.35,1416.657,2026-04-24 08:45:00
1777021200000,85.36,85.37,84.94,85.13,2226.705,2026-04-24 09:00:00
1777022100000,85.17,85.22,85.06,85.17,1007.649,2026-04-24 09:15:00
1777023000000,85.16,85.34,85.16,85.33,600.047,2026-04-24 09:30:00
1777023900000,85.34,85.47,85.18,85.47,1817.084,2026-04-24 09:45:00
1777024800000,85.47,85.47,85.19,85.33,1994.717,2026-04-24 10:00:00
1777025700000,85.33,85.6,85.33,85.51,1011.104,2026-04-24 10:15:00
1777026600000,85.51,85.62,85.49,85.54,380.033,2026-04-24 10:30:00
1777027500000,85.53,85.75,85.5,85.71,1559.323,2026-04-24 10:45:00
1777028400000,85.72,86.14,85.72,86.06,5430.6249747,2026-04-24 11:00:00
1777029300000,86.08,86.24,85.93,86.22,3347.054,2026-04-24 11:15:00
1777030200000,86.23,86.26,86.15,86.19,1167.251,2026-04-24 11:30:00
1777031100000,86.17,86.23,86.03,86.21,2300.624,2026-04-24 11:45:00
1777032000000,86.2,86.75,86.17,86.72,4626.782,2026-04-24 12:00:00
1777032900000,86.72,86.77,86.37,86.46,2607.296,2026-04-24 12:15:00
1777033800000,86.47,86.47,86.25,86.26,2445.849,2026-04-24 12:30:00
1777034700000,86.29,86.38,86.07,86.33,1645.857,2026-04-24 12:45:00
1777035600000,86.34,86.59,86.33,86.46,1597.031,2026-04-24 13:00:00
1777036500000,86.46,86.5,86.27,86.28,1534.045,2026-04-24 13:15:00
1777037400000,86.29,86.32,86.1,86.16,2461.247,2026-04-24 13:30:00
1777038300000,86.19,86.21,85.86,86.09,1646.072,2026-04-24 13:45:00
1777039200000,86.05,86.14,85.84,85.91,2285.237,2026-04-24 14:00:00
1777040100000,85.9,86.08,85.68,85.79,1547.237,2026-04-24 14:15:00
1777041000000,85.82,86.23,85.78,86.17,2167.36,2026-04-24 14:30:00
1777041900000,86.19,86.21,85.89,86.05,965.034,2026-04-24 14:45:00
1777042800000,86.06,86.06,85.55,85.78,2841.565,2026-04-24 15:00:00
1777043700000,85.79,86.08,85.74,86.05,938.845,2026-04-24 15:15:00
1777044600000,86.05,86.46,86.05,86.37,2251.499,2026-04-24 15:30:00
1777045500000,86.39,86.56,86.27,86.52,1859.46,2026-04-24 15:45:00
1777046400000,86.52,86.58,86.3,86.3,1772.732,2026-04-24 16:00:00
1777047300000,86.28,86.28,86.1,86.24,1074.124,2026-04-24 16:15:00
1777048200000,86.24,86.47,86.11,86.27,1721.443,2026-04-24 16:30:00
1777049100000,86.32,86.35,86.17,86.35,1964.903,2026-04-24 16:45:00
1777050000000,86.33,86.54,86.3,86.52,1777.826,2026-04-24 17:00:00
1777050900000,86.51,86.51,86.34,86.42,974.077,2026-04-24 17:15:00
1777051800000,86.39,86.39,86.14,86.39,1405.198,2026-04-24 17:30:00
1777052700000,86.37,86.56,86.28,86.48,2527.534,2026-04-24 17:45:00
1777053600000,86.49,86.54,86.21,86.21,1155.185,2026-04-24 18:00:00
1777054500000,86.2,86.29,85.96,86.23,1302.353,2026-04-24 18:15:00
1777055400000,86.22,86.46,86.2,86.39,1363.047,2026-04-24 18:30:00
1777056300000,86.39,86.41,86.34,86.38,862.66,2026-04-24 18:45:00
1777057200000,86.4,86.53,86.26,86.28,1242.637,2026-04-24 19:00:00
1777058100000,86.29,86.37,86.28,86.31,359.629,2026-04-24 19:15:00
1777059000000,86.32,86.38,86.26,86.38,899.475,2026-04-24 19:30:00
1777059900000,86.31,86.4,86.28,86.33,1481.701,2026-04-24 19:45:00
1777060800000,86.32,86.55,86.29,86.49,1880.72799867,2026-04-24 20:00:00
1777061700000,86.48,86.48,86.23,86.28,659.648,2026-04-24 20:15:00
1777062600000,86.29,86.91,86.29,86.7,2026.271,2026-04-24 20:30:00
1777063500000,86.7,86.89,86.7,86.87,851.357,2026-04-24 20:45:00
1777064400000,86.86,86.94,86.58,86.58,1705.241,2026-04-24 21:00:00
1777065300000,86.58,86.65,86.52,86.57,1110.301,2026-04-24 21:15:00
1777066200000,86.57,86.58,86.39,86.5,792.027,2026-04-24 21:30:00
1777067100000,86.46,86.52,86.4,86.46,573.975,2026-04-24 21:45:00
1777068000000,86.44,86.47,86.36,86.42,934.438,2026-04-24 22:00:00
1777068900000,86.41,86.45,86.36,86.36,1219.502,2026-04-24 22:15:00
1777069800000,86.37,86.37,86.13,86.21,1694.635,2026-04-24 22:30:00
1777070700000,86.23,86.32,86.1,86.17,823.8,2026-04-24 22:45:00
1777071600000,86.19,86.27,86.18,86.25,463.543,2026-04-24 23:00:00
1777072500000,86.25,86.25,86.16,86.22,552.88,2026-04-24 23:15:00
1777073400000,86.22,86.3,86.2,86.22,385.902,2026-04-24 23:30:00
1777074300000,86.21,86.22,86.18,86.18,206.654,2026-04-24 23:45:00
1777075200000,86.19,86.22,86.1,86.11,950.188,2026-04-25 00:00:00
1777076100000,86.1,86.14,86.04,86.04,465.697,2026-04-25 00:15:00
1777077000000,86.03,86.22,86.03,86.18,928.194,2026-04-25 00:30:00
1777077900000,86.15,86.27,86.15,86.25,373.98,2026-04-25 00:45:00
1777078800000,86.25,86.3,86.17,86.28,391.366,2026-04-25 01:00:00
1777079700000,86.28,86.34,86.15,86.18,486.729,2026-04-25 01:15:00
1777080600000,86.18,86.31,86.17,86.29,613.431,2026-04-25 01:30:00
1777081500000,86.3,86.36,86.29,86.29,230.762,2026-04-25 01:45:00
1777082400000,86.29,86.4,86.22,86.31,1000.817,2026-04-25 02:00:00
1777083300000,86.31,86.32,86.17,86.29,746.09,2026-04-25 02:15:00
1777084200000,86.3,86.32,86.27,86.27,374.488,2026-04-25 02:30:00
1777085100000,86.28,86.3,86.26,86.29,293.265,2026-04-25 02:45:00
1777086000000,86.3,86.39,86.28,86.3,330.045,2026-04-25 03:00:00
1777086900000,86.31,86.42,86.31,86.33,274.035,2026-04-25 03:15:00
1777087800000,86.34,86.43,86.33,86.41,490.328,2026-04-25 03:30:00
1777088700000,86.42,86.49,86.42,86.46,388.829,2026-04-25 03:45:00
1777089600000,86.47,86.51,86.42,86.48,982.391,2026-04-25 04:00:00
1777090500000,86.47,86.47,86.34,86.34,299.28,2026-04-25 04:15:00
1777091400000,86.35,86.35,86.3,86.32,180.89,2026-04-25 04:30:00
1777092300000,86.31,86.36,86.31,86.35,438.918,2026-04-25 04:45:00
1777093200000,86.34,86.34,86.16,86.19,689.106,2026-04-25 05:00:00
1777094100000,86.15,86.18,86.15,86.15,145.72,2026-04-25 05:15:00
1777095000000,86.15,86.26,86.14,86.23,316.72,2026-04-25 05:30:00
1777095900000,86.23,86.24,86.2,86.23,173.431,2026-04-25 05:45:00
1777096800000,86.23,86.36,86.22,86.35,199.12899934,2026-04-25 06:00:00
1777097700000,86.36,86.36,86.24,86.26,374.42599934,2026-04-25 06:15:00
1777098600000,86.27,86.47,86.27,86.43,1069.098,2026-04-25 06:30:00
1777099500000,86.45,86.65,86.44,86.48,1168.01,2026-04-25 06:45:00
1777100400000,86.45,86.45,86.27,86.34,746.018,2026-04-25 07:00:00
1777101300000,86.34,86.38,86.27,86.32,1500.872,2026-04-25 07:15:00
1777102200000,86.32,86.52,86.3,86.39,1267.266,2026-04-25 07:30:00
1777103100000,86.38,86.45,86.34,86.37,1555.318,2026-04-25 07:45:00
1777104000000,86.36,86.47,86.31,86.45,734.626,2026-04-25 08:00:00
1777104900000,86.45,86.59,86.45,86.59,347.721,2026-04-25 08:15:00
1777105800000,86.59,86.81,86.55,86.63,2094.911,2026-04-25 08:30:00
1777106700000,86.62,86.63,86.58,86.63,356.144,2026-04-25 08:45:00
1777107600000,86.63,86.67,86.58,86.67,563.022,2026-04-25 09:00:00
1777108500000,86.66,86.68,86.58,86.6,1304.846,2026-04-25 09:15:00
1777109400000,86.6,86.79,86.59,86.73,1224.42799461,2026-04-25 09:30:00
1777110300000,86.71,86.77,86.59,86.59,870.311,2026-04-25 09:45:00
1777111200000,86.58,86.68,86.58,86.62,837.692,2026-04-25 10:00:00
1777112100000,86.63,86.72,86.62,86.65,683.107,2026-04-25 10:15:00
1777113000000,86.65,86.73,86.6,86.62,772.859,2026-04-25 10:30:00
1777113900000,86.62,86.66,86.59,86.62,565.636,2026-04-25 10:45:00
1777114800000,86.63,86.63,86.43,86.45,1810.837,2026-04-25 11:00:00
1777115700000,86.45,86.51,86.37,86.4,1096.56,2026-04-25 11:15:00
1777116600000,86.4,86.48,86.36,86.37,1268.746,2026-04-25 11:30:00
1777117500000,86.37,86.4,86.27,86.38,1489.419,2026-04-25 11:45:00
1777118400000,86.38,86.39,86.25,86.37,1353.246,2026-04-25 12:00:00
1777119300000,86.36,86.45,86.35,86.35,684.08,2026-04-25 12:15:00
1777120200000,86.34,86.44,86.28,86.33,1976.187,2026-04-25 12:30:00
1777121100000,86.34,86.43,86.34,86.39,219.445,2026-04-25 12:45:00
1777122000000,86.4,86.53,86.39,86.53,248.627,2026-04-25 13:00:00
1777122900000,86.53,86.58,86.51,86.56,981.76,2026-04-25 13:15:00
1777123800000,86.57,86.66,86.55,86.66,1157.008,2026-04-25 13:30:00
1777124700000,86.67,86.68,86.59,86.6,1175.227,2026-04-25 13:45:00
1777125600000,86.61,86.65,86.52,86.58,1349.871,2026-04-25 14:00:00
1777126500000,86.58,86.63,86.52,86.63,1470.524,2026-04-25 14:15:00
1777127400000,86.63,86.65,86.6,86.64,1046.743,2026-04-25 14:30:00
1777128300000,86.63,86.65,86.44,86.45,1428.67,2026-04-25 14:45:00
1777129200000,86.45,86.59,86.4,86.56,4939.78,2026-04-25 15:00:00
1777130100000,86.56,86.62,86.54,86.62,1281.791,2026-04-25 15:15:00
1777131000000,86.62,86.62,86.53,86.54,2241.624,2026-04-25 15:30:00
1777131900000,86.52,86.52,86.12,86.22,3817.918,2026-04-25 15:45:00
1777132800000,86.21,86.32,86.15,86.27,1402.24,2026-04-25 16:00:00
1777133700000,86.27,86.29,86.02,86.13,1383.06699993,2026-04-25 16:15:00
1777134600000,86.14,86.16,85.63,85.9,3153.34574178,2026-04-25 16:30:00
1777135500000,85.92,85.96,85.84,85.89,1342.035,2026-04-25 16:45:00
1777136400000,85.89,85.89,85.73,85.78,972.087,2026-04-25 17:00:00
1777137300000,85.78,85.87,85.68,85.68,1206.002,2026-04-25 17:15:00
1777138200000,85.68,85.73,85.6,85.69,838.952,2026-04-25 17:30:00
1777139100000,85.69,85.74,85.56,85.56,574.539,2026-04-25 17:45:00
1777140000000,85.56,85.78,85.56,85.73,948.631,2026-04-25 18:00:00
1777140900000,85.73,85.75,85.56,85.7,2294.19,2026-04-25 18:15:00
1777141800000,85.71,85.83,85.7,85.7,939.408,2026-04-25 18:30:00
1777142700000,85.73,85.82,85.69,85.69,781.587,2026-04-25 18:45:00
1777143600000,85.69,85.72,85.64,85.66,648.059,2026-04-25 19:00:00
1777144500000,85.66,85.73,85.58,85.61,813.358,2026-04-25 19:15:00
1777145400000,85.61,85.65,85.59,85.61,656.937,2026-04-25 19:30:00
1777146300000,85.6,85.73,85.6,85.69,488.877,2026-04-25 19:45:00
1777147200000,85.69,85.74,85.62,85.74,466.07,2026-04-25 20:00:00
1777148100000,85.74,85.89,85.72,85.8,1048.558,2026-04-25 20:15:00
1777149000000,85.82,85.87,85.78,85.85,637.957,2026-04-25 20:30:00
1777149900000,85.86,85.93,85.82,85.91,1479.96,2026-04-25 20:45:00
1777150800000,85.92,86.08,85.91,86.06,1059.13,2026-04-25 21:00:00
1777151700000,86.06,86.11,85.95,85.97,989.896,2026-04-25 21:15:00
1777152600000,85.96,85.96,85.75,85.8,669.414,2026-04-25 21:30:00
1777153500000,85.82,85.93,85.78,85.91,852.744,2026-04-25 21:45:00
1777154400000,85.93,86.02,85.86,85.99,750.155,2026-04-25 22:00:00
1777155300000,85.98,86.06,85.97,86.05,338.855,2026-04-25 22:15:00
1777156200000,86.05,86.18,86.05,86.14,602.7,2026-04-25 22:30:00
1777157100000,86.15,86.16,86.09,86.1,308.389,2026-04-25 22:45:00
1777158000000,86.11,86.15,86.05,86.11,485.632,2026-04-25 23:00:00
1777158900000,86.11,86.11,86.05,86.06,366.452,2026-04-25 23:15:00
1777159800000,86.07,86.17,86.06,86.14,409.127,2026-04-25 23:30:00
1777160700000,86.14,86.19,86.13,86.19,191.168,2026-04-25 23:45:00
1777161600000,86.2,86.2,86.07,86.13,2884.026,2026-04-26 00:00:00
1777162500000,86.13,86.14,86.05,86.06,820.607,2026-04-26 00:15:00
1777163400000,86.06,86.13,86.01,86.11,459.932,2026-04-26 00:30:00
1777164300000,86.11,86.14,85.94,86.05,790.796,2026-04-26 00:45:00
1777165200000,86.04,86.08,86.01,86.03,400.924,2026-04-26 01:00:00
1777166100000,86.04,86.08,85.99,85.99,845.0,2026-04-26 01:15:00
1777167000000,86.0,86.08,85.99,86.08,394.314,2026-04-26 01:30:00
1777167900000,86.07,86.12,85.98,85.98,728.699,2026-04-26 01:45:00
1777168800000,85.98,86.17,85.97,86.17,392.909,2026-04-26 02:00:00
1777169700000,86.21,86.29,86.17,86.28,318.912,2026-04-26 02:15:00
1777170600000,86.28,86.31,86.23,86.27,1299.577,2026-04-26 02:30:00
1777171500000,86.26,86.39,86.2,86.39,968.225,2026-04-26 02:45:00
1777172400000,86.4,86.45,86.2,86.29,1448.944,2026-04-26 03:00:00
1777173300000,86.3,86.32,86.05,86.05,624.229,2026-04-26 03:15:00
1777174200000,86.04,86.11,85.84,85.88,1616.615,2026-04-26 03:30:00
1777175100000,85.88,86.0,85.86,85.99,437.194,2026-04-26 03:45:00
1777176000000,85.99,86.15,85.95,86.09,793.344,2026-04-26 04:00:00
1777176900000,86.09,86.13,86.09,86.09,148.997,2026-04-26 04:15:00
1777177800000,86.12,86.38,86.11,86.33,1123.846,2026-04-26 04:30:00
1777178700000,86.34,86.72,86.34,86.45,2592.958,2026-04-26 04:45:00
1777179600000,86.44,86.62,86.16,86.54,2762.136,2026-04-26 05:00:00
1777180500000,86.56,86.71,86.52,86.58,2783.932,2026-04-26 05:15:00
1777181400000,86.58,86.65,86.44,86.47,1574.446,2026-04-26 05:30:00
1777182300000,86.48,86.48,86.39,86.45,335.745,2026-04-26 05:45:00
1777183200000,86.48,86.59,86.48,86.54,5169.35,2026-04-26 06:00:00
1777184100000,86.54,86.54,86.4,86.4,333.743,2026-04-26 06:15:00
1777185000000,86.41,86.58,86.41,86.52,449.219,2026-04-26 06:30:00
1777185900000,86.53,86.54,86.42,86.49,573.69647381,2026-04-26 06:45:00
1777186800000,86.5,86.51,86.46,86.5,623.446,2026-04-26 07:00:00
1777187700000,86.52,86.55,86.5,86.52,726.174,2026-04-26 07:15:00
1777188600000,86.52,86.53,86.44,86.46,445.159,2026-04-26 07:30:00
1777189500000,86.46,86.63,86.46,86.62,838.97,2026-04-26 07:45:00
1777190400000,86.64,86.71,86.55,86.59,698.938,2026-04-26 08:00:00
1777191300000,86.59,86.59,86.51,86.58,439.493,2026-04-26 08:15:00
1777192200000,86.59,86.76,86.55,86.59,1239.941,2026-04-26 08:30:00
