datetime,open,high,low,close,volume
2025-10-26 19:00:00+00:00,2.6373,2.6379,2.6282,2.6316,114763.6
2025-10-26 20:00:00+00:00,2.6317,2.6317,2.6117,2.6166,132427.0
2025-10-26 21:00:00+00:00,2.617,2.631,2.6062,2.6306,174370.0
2025-10-26 22:00:00+00:00,2.6309,2.6815,2.6309,2.6712,406401.8
2025-10-26 23:00:00+00:00,2.6715,2.6831,2.6657,2.6767,193957.8
2025-10-27 00:00:00+00:00,2.6768,2.7022,2.6618,2.6917,397782.4
2025-10-27 01:00:00+00:00,2.6918,2.7044,2.6739,2.7011,239683.8
2025-10-27 02:00:00+00:00,2.7016,2.7051,2.6813,2.6821,180114.2
2025-10-27 03:00:00+00:00,2.6823,2.6875,2.6623,2.6701,145267.7
2025-10-27 04:00:00+00:00,2.6694,2.7147,2.6595,2.713,309595.1
2025-10-27 05:00:00+00:00,2.7135,2.7196,2.6884,2.6887,234923.7
2025-10-27 06:00:00+00:00,2.6893,2.6893,2.6695,2.681,226808.0
2025-10-27 07:00:00+00:00,2.6813,2.6836,2.6388,2.6563,221038.1
2025-10-27 08:00:00+00:00,2.6558,2.6631,2.6344,2.6374,167982.2
2025-10-27 09:00:00+00:00,2.6369,2.6387,2.6164,2.6251,224580.5
2025-10-27 10:00:00+00:00,2.6252,2.6381,2.621,2.6264,157235.4
2025-10-27 11:00:00+00:00,2.6265,2.6387,2.6078,2.6359,225208.7
2025-10-27 12:00:00+00:00,2.6355,2.6362,2.6071,2.6082,312814.2
2025-10-27 13:00:00+00:00,2.6082,2.6214,2.5747,2.6122,601458.6
2025-10-27 14:00:00+00:00,2.6123,2.6154,2.5846,2.5955,267129.9
2025-10-27 15:00:00+00:00,2.5958,2.6257,2.5957,2.6224,326546.9
2025-10-27 16:00:00+00:00,2.6234,2.661,2.6234,2.6563,243656.0
2025-10-27 17:00:00+00:00,2.6563,2.6769,2.6477,2.6719,239696.0
2025-10-27 18:00:00+00:00,2.6716,2.6856,2.6586,2.66,210531.9
2025-10-27 19:00:00+00:00,2.66,2.6615,2.6333,2.6379,345457.7
2025-10-27 20:00:00+00:00,2.6379,2.6398,2.6148,2.6194,317747.0
2025-10-27 21:00:00+00:00,2.6191,2.6351,2.6115,2.6221,225730.1
2025-10-27 22:00:00+00:00,2.6217,2.6366,2.6031,2.6047,317276.6
2025-10-27 23:00:00+00:00,2.6051,2.6135,2.5881,2.6103,295900.1
2025-10-28 00:00:00+00:00,2.6106,2.62,2.5975,2.61,195492.1
2025-10-28 01:00:00+00:00,2.6111,2.6329,2.6111,2.6263,261494.5
2025-10-28 02:00:00+00:00,2.6272,2.6275,2.5861,2.6016,235347.2
2025-10-28 03:00:00+00:00,2.601,2.6128,2.5874,2.5992,224774.7
2025-10-28 04:00:00+00:00,2.5986,2.6113,2.59,2.6046,144768.1
2025-10-28 05:00:00+00:00,2.6044,2.6104,2.55,2.5677,366128.7
2025-10-28 06:00:00+00:00,2.5678,2.6332,2.5677,2.6316,232013.3
2025-10-28 07:00:00+00:00,2.6327,2.6427,2.6077,2.6084,267918.0
2025-10-28 08:00:00+00:00,2.608,2.6378,2.6079,2.6347,164327.5
2025-10-28 09:00:00+00:00,2.6348,2.6418,2.6118,2.6322,162582.7
2025-10-28 10:00:00+00:00,2.6316,2.6328,2.6182,2.6276,164604.0
2025-10-28 11:00:00+00:00,2.6273,2.6393,2.609,2.613,191528.8
2025-10-28 12:00:00+00:00,2.6121,2.6385,2.6037,2.6302,293797.9
2025-10-28 13:00:00+00:00,2.6305,2.653,2.63,2.6445,502111.8
2025-10-28 14:00:00+00:00,2.6445,2.6573,2.5599,2.6103,645331.3
2025-10-28 15:00:00+00:00,2.611,2.6171,2.579,2.595,217087.7
2025-10-28 16:00:00+00:00,2.5947,2.6186,2.5825,2.6084,228061.2
2025-10-28 17:00:00+00:00,2.6084,2.6183,2.5988,2.6088,139095.5
2025-10-28 18:00:00+00:00,2.6093,2.6121,2.5818,2.588,192044.4
2025-10-28 19:00:00+00:00,2.588,2.5958,2.527,2.5428,433573.0
2025-10-28 20:00:00+00:00,2.5425,2.5434,2.4883,2.4976,600893.2
2025-10-28 21:00:00+00:00,2.4972,2.5104,2.4623,2.4955,433413.8
2025-10-28 22:00:00+00:00,2.4954,2.517,2.4887,2.5099,177857.4
2025-10-28 23:00:00+00:00,2.5094,2.5123,2.4995,2.5055,160091.1
2025-10-29 00:00:00+00:00,2.5051,2.508,2.496,2.4979,183792.1
2025-10-29 01:00:00+00:00,2.4978,2.5147,2.4928,2.5062,144517.2
2025-10-29 02:00:00+00:00,2.5063,2.5114,2.501,2.506,116021.4
2025-10-29 03:00:00+00:00,2.5058,2.5064,2.4909,2.4986,170975.9
2025-10-29 04:00:00+00:00,2.4979,2.5069,2.4953,2.497,112283.9
2025-10-29 05:00:00+00:00,2.4966,2.5117,2.4925,2.4966,136252.7
2025-10-29 06:00:00+00:00,2.4965,2.5051,2.4921,2.5006,146808.6
2025-10-29 07:00:00+00:00,2.5006,2.5096,2.4925,2.5034,151989.7
2025-10-29 08:00:00+00:00,2.5037,2.5049,2.48,2.4837,207192.5
2025-10-29 09:00:00+00:00,2.4836,2.4978,2.4793,2.492,116297.2
2025-10-29 10:00:00+00:00,2.492,2.5263,2.4901,2.5115,173249.8
2025-10-29 11:00:00+00:00,2.5111,2.5515,2.5092,2.535,343309.53846006
2025-10-29 12:00:00+00:00,2.5343,2.5524,2.5336,2.5453,125273.0
2025-10-29 13:00:00+00:00,2.5454,2.5575,2.5147,2.5322,364278.3
2025-10-29 14:00:00+00:00,2.5317,2.534,2.5068,2.5184,322608.4
2025-10-29 15:00:00+00:00,2.5199,2.5304,2.4839,2.4945,507876.4
2025-10-29 16:00:00+00:00,2.4944,2.5112,2.4836,2.5016,258871.2
2025-10-29 17:00:00+00:00,2.5021,2.5706,2.5011,2.5701,249099.9
2025-10-29 18:00:00+00:00,2.5705,2.5803,2.431,2.5304,1664317.3
2025-10-29 19:00:00+00:00,2.5307,2.5687,2.5157,2.5489,630832.0
2025-10-29 20:00:00+00:00,2.5493,2.592,2.5295,2.5851,376796.1
2025-10-29 21:00:00+00:00,2.5854,2.5887,2.5675,2.5716,249131.0
2025-10-29 22:00:00+00:00,2.5722,2.5727,2.5501,2.5521,146703.2
2025-10-29 23:00:00+00:00,2.5542,2.5548,2.4948,2.512,343718.24998931
2025-10-30 00:00:00+00:00,2.5122,2.5179,2.4835,2.5149,241547.6
2025-10-30 01:00:00+00:00,2.515,2.515,2.4957,2.501,167413.3
2025-10-30 02:00:00+00:00,2.5009,2.5403,2.4964,2.5403,179318.5
2025-10-30 03:00:00+00:00,2.5407,2.5409,2.5061,2.516,164673.6
2025-10-30 04:00:00+00:00,2.5159,2.5162,2.4044,2.4326,588079.6
2025-10-30 05:00:00+00:00,2.4332,2.4978,2.4247,2.4913,249351.6
2025-10-30 06:00:00+00:00,2.4905,2.4985,2.4718,2.4859,227847.6
2025-10-30 07:00:00+00:00,2.4857,2.5228,2.4778,2.5133,330169.9
2025-10-30 08:00:00+00:00,2.5113,2.5125,2.488,2.4923,188977.8
2025-10-30 09:00:00+00:00,2.4924,2.496,2.4505,2.4536,313052.1
2025-10-30 10:00:00+00:00,2.4537,2.4576,2.4345,2.437,215047.5
2025-10-30 11:00:00+00:00,2.4369,2.4479,2.4301,2.432,249673.0
2025-10-30 12:00:00+00:00,2.4322,2.4346,2.3642,2.3825,670782.7
2025-10-30 13:00:00+00:00,2.3821,2.3927,2.3291,2.3418,534643.0
2025-10-30 14:00:00+00:00,2.3419,2.353,2.3145,2.3221,434359.7
2025-10-30 15:00:00+00:00,2.3219,2.3268,2.2812,2.287,467297.1
2025-10-30 16:00:00+00:00,2.287,2.3024,2.2664,2.298,398490.7
2025-10-30 17:00:00+00:00,2.298,2.298,2.2358,2.2695,627121.5
2025-10-30 18:00:00+00:00,2.2697,2.2706,2.2312,2.2349,433786.6
2025-10-30 19:00:00+00:00,2.2347,2.2399,2.21,2.215,505198.8
2025-10-30 20:00:00+00:00,2.2149,2.293,2.21,2.2579,810383.4251655
2025-10-30 21:00:00+00:00,2.2581,2.29,2.2437,2.2718,1028504.5
2025-10-30 22:00:00+00:00,2.2719,2.2792,2.27,2.2792,617303.8
2025-10-30 23:00:00+00:00,2.2792,2.2941,2.268,2.2907,1130813.1
2025-10-31 00:00:00+00:00,2.2906,2.3316,2.2874,2.3257,296850.6
2025-10-31 01:00:00+00:00,2.3259,2.3456,2.3209,2.3305,584066.6
2025-10-31 02:00:00+00:00,2.3305,2.3325,2.2995,2.3101,290423.3
2025-10-31 03:00:00+00:00,2.3103,2.3341,2.3058,2.3304,513105.6
2025-10-31 04:00:00+00:00,2.331,2.3569,2.3281,2.3532,327568.7
2025-10-31 05:00:00+00:00,2.3524,2.3524,2.3312,2.3387,189262.9
2025-10-31 06:00:00+00:00,2.3398,2.3515,2.3367,2.3505,193660.39990568
2025-10-31 07:00:00+00:00,2.3508,2.3583,2.3341,2.3374,249077.2
2025-10-31 08:00:00+00:00,2.338,2.3481,2.3241,2.3473,472749.7
2025-10-31 09:00:00+00:00,2.3473,2.3559,2.3431,2.3496,196791.9
2025-10-31 10:00:00+00:00,2.3499,2.3757,2.3483,2.352,228429.3
2025-10-31 11:00:00+00:00,2.3521,2.3765,2.3435,2.3732,234593.3
2025-10-31 12:00:00+00:00,2.3734,2.3917,2.3565,2.3577,386127.4
2025-10-31 13:00:00+00:00,2.3581,2.3855,2.3471,2.3855,409120.6
2025-10-31 14:00:00+00:00,2.3856,2.3994,2.3618,2.3916,373513.09027296
2025-10-31 15:00:00+00:00,2.3915,2.4003,2.3633,2.3721,429343.6
2025-10-31 16:00:00+00:00,2.3704,2.3763,2.3082,2.3123,373266.0
2025-10-31 17:00:00+00:00,2.3108,2.3326,2.2964,2.3235,309302.7
2025-10-31 18:00:00+00:00,2.3244,2.352,2.3154,2.3412,358044.5
2025-10-31 19:00:00+00:00,2.3411,2.396,2.3264,2.3895,380648.9
2025-10-31 20:00:00+00:00,2.3896,2.3896,2.3592,2.3615,236020.6
2025-10-31 21:00:00+00:00,2.3614,2.3643,2.352,2.3588,210416.0
2025-10-31 22:00:00+00:00,2.3591,2.3722,2.3562,2.3667,166044.3
2025-10-31 23:00:00+00:00,2.3666,2.3724,2.3626,2.3638,117322.2
2025-11-01 00:00:00+00:00,2.3636,2.3644,2.3439,2.3563,196636.3
2025-11-01 01:00:00+00:00,2.356,2.3636,2.341,2.341,176470.6
2025-11-01 02:00:00+00:00,2.3408,2.3604,2.3319,2.3601,150104.9
2025-11-01 03:00:00+00:00,2.3603,2.3841,2.3589,2.3786,194296.0
2025-11-01 04:00:00+00:00,2.3793,2.3856,2.364,2.3676,162788.4
2025-11-01 05:00:00+00:00,2.3672,2.3688,2.3549,2.3576,130703.9
2025-11-01 06:00:00+00:00,2.3572,2.3664,2.3486,2.3603,158659.1
2025-11-01 07:00:00+00:00,2.3605,2.3897,2.3569,2.3805,352233.3
2025-11-01 08:00:00+00:00,2.3809,2.395,2.3761,2.3942,305568.1
2025-11-01 09:00:00+00:00,2.394,2.3971,2.3724,2.3743,169847.3
2025-11-01 10:00:00+00:00,2.3747,2.3867,2.373,2.3769,149198.5
2025-11-01 11:00:00+00:00,2.3783,2.385,2.3743,2.381,181702.8
2025-11-01 12:00:00+00:00,2.3813,2.3883,2.3754,2.3757,123409.3
2025-11-01 13:00:00+00:00,2.3759,2.3849,2.3585,2.3731,263361.2
2025-11-01 14:00:00+00:00,2.372,2.3765,2.343,2.3579,412004.7
2025-11-01 15:00:00+00:00,2.3573,2.3818,2.354,2.3759,303196.09797321
2025-11-01 16:00:00+00:00,2.376,2.3954,2.371,2.3849,246103.7
2025-11-01 17:00:00+00:00,2.3848,2.3881,2.3731,2.3784,188874.4
2025-11-01 18:00:00+00:00,2.3784,2.3872,2.3744,2.3862,162132.4
2025-11-01 19:00:00+00:00,2.3862,2.3862,2.3763,2.385,134662.5
2025-11-01 20:00:00+00:00,2.3858,2.4031,2.3841,2.3902,178669.5
2025-11-01 21:00:00+00:00,2.3902,2.3928,2.3638,2.364,156786.7
2025-11-01 22:00:00+00:00,2.364,2.377,2.3616,2.3756,147800.6
2025-11-01 23:00:00+00:00,2.3757,2.3818,2.3708,2.3797,153272.4
2025-11-02 00:00:00+00:00,2.3796,2.3799,2.3616,2.3638,141194.2
2025-11-02 01:00:00+00:00,2.3633,2.3684,2.3559,2.362,171113.7
2025-11-02 02:00:00+00:00,2.3616,2.3772,2.3584,2.3637,154083.7
2025-11-02 03:00:00+00:00,2.3637,2.3644,2.3477,2.3542,198247.5
2025-11-02 04:00:00+00:00,2.3545,2.3807,2.3507,2.3781,213560.7
2025-11-02 05:00:00+00:00,2.3782,2.3796,2.3559,2.3684,184642.0
2025-11-02 06:00:00+00:00,2.3676,2.3778,2.3587,2.3752,168173.4
2025-11-02 07:00:00+00:00,2.3751,2.3955,2.3697,2.3929,207664.0
2025-11-02 08:00:00+00:00,2.3927,2.3959,2.3685,2.3725,165319.2
2025-11-02 09:00:00+00:00,2.3725,2.3847,2.3503,2.3543,269810.7
2025-11-02 10:00:00+00:00,2.3544,2.3625,2.3321,2.3493,279401.8
2025-11-02 11:00:00+00:00,2.3493,2.3749,2.3424,2.3727,240557.5
2025-11-02 12:00:00+00:00,2.3726,2.3733,2.3536,2.3572,178901.8
2025-11-02 13:00:00+00:00,2.3577,2.3584,2.3274,2.3434,226214.8
2025-11-02 14:00:00+00:00,2.3431,2.3469,2.3015,2.3164,346773.2
2025-11-02 15:00:00+00:00,2.3166,2.3369,2.3092,2.3138,210090.8
2025-11-02 16:00:00+00:00,2.3139,2.3245,2.2829,2.324,403017.5
2025-11-02 17:00:00+00:00,2.3235,2.3274,2.3104,2.3212,175783.9
2025-11-02 18:00:00+00:00,2.3208,2.3216,2.31,2.3158,136747.1
2025-11-02 19:00:00+00:00,2.3158,2.3187,2.295,2.3067,211860.6
2025-11-02 20:00:00+00:00,2.3069,2.3133,2.2963,2.3119,173512.9
2025-11-02 21:00:00+00:00,2.3121,2.3292,2.3115,2.3226,144594.3
2025-11-02 22:00:00+00:00,2.323,2.331,2.3069,2.3181,207579.2
2025-11-02 23:00:00+00:00,2.3192,2.3609,2.3192,2.3546,372941.4
2025-11-03 00:00:00+00:00,2.3541,2.3624,2.3164,2.3181,243125.09985786
2025-11-03 01:00:00+00:00,2.3179,2.324,2.2902,2.3022,299495.1
2025-11-03 02:00:00+00:00,2.3017,2.3039,2.2597,2.2735,357898.6
2025-11-03 03:00:00+00:00,2.2741,2.2778,2.2024,2.2079,589178.7
2025-11-03 04:00:00+00:00,2.2077,2.2206,2.1929,2.2201,409790.8
2025-11-03 05:00:00+00:00,2.2206,2.2298,2.1937,2.1947,335665.0
2025-11-03 06:00:00+00:00,2.1946,2.2007,2.1559,2.1766,521695.6
2025-11-03 07:00:00+00:00,2.1763,2.204,2.1675,2.1943,495957.2
2025-11-03 08:00:00+00:00,2.1943,2.2138,2.1844,2.2071,313069.1
2025-11-03 09:00:00+00:00,2.2072,2.2257,2.1754,2.178,366603.3
2025-11-03 10:00:00+00:00,2.1777,2.188,2.1534,2.1622,402843.5
2025-11-03 11:00:00+00:00,2.1624,2.1949,2.162,2.1765,312826.8
2025-11-03 12:00:00+00:00,2.1774,2.1923,2.1718,2.1746,302407.5
2025-11-03 13:00:00+00:00,2.1743,2.1831,2.1618,2.166,408686.3
2025-11-03 14:00:00+00:00,2.166,2.1902,2.1591,2.1818,420569.8
2025-11-03 15:00:00+00:00,2.1824,2.1857,1.992,2.0434,2533935.9
2025-11-03 16:00:00+00:00,2.0429,2.107,2.0329,2.098,1029789.5
2025-11-03 17:00:00+00:00,2.098,2.1375,2.0911,2.1285,532100.4
2025-11-03 18:00:00+00:00,2.1283,2.1324,2.0893,2.0971,332735.3
2025-11-03 19:00:00+00:00,2.0969,2.1079,2.0818,2.0841,308878.5
2025-11-03 20:00:00+00:00,2.0846,2.0887,2.0316,2.0423,461353.9
2025-11-03 21:00:00+00:00,2.0421,2.0767,2.0313,2.0757,460791.0
2025-11-03 22:00:00+00:00,2.0754,2.077,2.0393,2.0595,590031.9
2025-11-03 23:00:00+00:00,2.059,2.0735,2.0419,2.0695,325073.9
2025-11-04 00:00:00+00:00,2.0701,2.098,2.0424,2.0833,478949.2
2025-11-04 01:00:00+00:00,2.0835,2.1072,2.0699,2.0908,340698.0
2025-11-04 02:00:00+00:00,2.0905,2.0982,2.0731,2.0773,227924.1
2025-11-04 03:00:00+00:00,2.0773,2.0954,2.0699,2.0873,272250.1
2025-11-04 04:00:00+00:00,2.0873,2.0939,2.0712,2.0716,218832.8
2025-11-04 05:00:00+00:00,2.0715,2.082,1.9756,1.9826,791607.9
2025-11-04 06:00:00+00:00,1.9825,2.0752,1.9803,2.0332,662240.7
2025-11-04 07:00:00+00:00,2.0328,2.0362,1.9817,1.9903,514378.9
2025-11-04 08:00:00+00:00,1.9903,2.0566,1.9897,2.029,581940.1
2025-11-04 09:00:00+00:00,2.0287,2.0556,2.0191,2.0524,474221.7
2025-11-04 10:00:00+00:00,2.0522,2.0593,2.0435,2.0542,322365.4
2025-11-04 11:00:00+00:00,2.0548,2.0773,2.0479,2.0714,495640.0
2025-11-04 12:00:00+00:00,2.0711,2.0715,2.0395,2.0496,353692.1
2025-11-04 13:00:00+00:00,2.0493,2.0572,2.0182,2.0264,361714.4
2025-11-04 14:00:00+00:00,2.0262,2.0782,2.0043,2.0667,718748.33158768
2025-11-04 15:00:00+00:00,2.067,2.0861,2.0191,2.0234,524229.2
2025-11-04 16:00:00+00:00,2.0234,2.0472,1.9831,1.9869,450878.7
2025-11-04 17:00:00+00:00,1.9866,1.9909,1.9227,1.963,954827.2
2025-11-04 18:00:00+00:00,1.9627,1.9655,1.8891,1.9613,981367.3
2025-11-04 19:00:00+00:00,1.9608,1.9809,1.9233,1.9279,612484.3
2025-11-04 20:00:00+00:00,1.9278,1.9436,1.8211,1.9169,1398436.7
2025-11-04 21:00:00+00:00,1.9173,1.9337,1.8451,1.931,1289811.1
2025-11-04 22:00:00+00:00,1.9317,1.9983,1.9175,1.9833,1475445.3
2025-11-04 23:00:00+00:00,1.9835,1.9994,1.967,1.975,633759.1
2025-11-05 00:00:00+00:00,1.9755,1.9845,1.9388,1.9507,484585.2
2025-11-05 01:00:00+00:00,1.9509,1.9584,1.8798,1.9503,964067.5
2025-11-05 02:00:00+00:00,1.9505,2.022,1.9502,2.0183,781831.0
2025-11-05 03:00:00+00:00,2.0187,2.0327,2.0002,2.0276,491652.5
2025-11-05 04:00:00+00:00,2.0277,2.0356,2.0048,2.0189,385880.7
2025-11-05 05:00:00+00:00,2.0191,2.0362,2.0182,2.0259,306359.6
2025-11-05 06:00:00+00:00,2.0258,2.0336,2.0138,2.0331,309818.6
2025-11-05 07:00:00+00:00,2.0331,2.0357,2.0099,2.0288,430201.7
2025-11-05 08:00:00+00:00,2.0285,2.0286,1.9849,2.0003,513715.9
2025-11-05 09:00:00+00:00,2.0001,2.0365,1.996,2.0304,531892.4
2025-11-05 10:00:00+00:00,2.0302,2.0329,2.004,2.005,358854.0
2025-11-05 11:00:00+00:00,2.0051,2.0557,2.0049,2.0499,453526.4
2025-11-05 12:00:00+00:00,2.0495,2.0752,2.0371,2.0581,801010.7
2025-11-05 13:00:00+00:00,2.058,2.0694,2.0396,2.0578,502987.0
2025-11-05 14:00:00+00:00,2.0565,2.0633,2.02,2.0312,447212.6
2025-11-05 15:00:00+00:00,2.032,2.0449,2.0177,2.0417,387215.5
2025-11-05 16:00:00+00:00,2.0419,2.058,2.0152,2.0505,437348.7
2025-11-05 17:00:00+00:00,2.0508,2.0589,2.0255,2.0369,492900.1
2025-11-05 18:00:00+00:00,2.0366,2.0458,2.0271,2.037,358484.5
2025-11-05 19:00:00+00:00,2.037,2.04,2.0129,2.0301,323950.6
2025-11-05 20:00:00+00:00,2.0301,2.0455,2.0243,2.0305,563032.2
2025-11-05 21:00:00+00:00,2.0305,2.0308,2.0143,2.0219,399948.8
2025-11-05 22:00:00+00:00,2.0223,2.0416,2.0194,2.0409,335327.2
2025-11-05 23:00:00+00:00,2.0417,2.0434,2.0294,2.0321,275630.5
2025-11-06 00:00:00+00:00,2.0321,2.0374,2.0213,2.0301,229783.3
2025-11-06 01:00:00+00:00,2.03,2.03,1.995,2.0277,466286.0
2025-11-06 02:00:00+00:00,2.0278,2.057,2.009,2.0434,453810.0
2025-11-06 03:00:00+00:00,2.043,2.0492,2.036,2.0447,278883.6
2025-11-06 04:00:00+00:00,2.045,2.052,2.034,2.0398,426441.6
2025-11-06 05:00:00+00:00,2.0396,2.0396,2.0031,2.009,386883.8
2025-11-06 06:00:00+00:00,2.0094,2.0158,1.9951,1.9964,371311.1
2025-11-06 07:00:00+00:00,1.9966,2.0083,1.9832,1.9928,305489.9
2025-11-06 08:00:00+00:00,1.9926,2.0092,1.9859,1.9934,449789.3
2025-11-06 09:00:00+00:00,1.9933,1.9971,1.9822,1.9886,340141.4
2025-11-06 10:00:00+00:00,1.9886,2.0067,1.9742,1.9947,500741.2
2025-11-06 11:00:00+00:00,1.9949,2.0029,1.9795,1.9926,306934.3
2025-11-06 12:00:00+00:00,1.9926,1.9973,1.9602,1.9648,459838.0
2025-11-06 13:00:00+00:00,1.9645,2.0096,1.9607,2.0051,1243853.0
2025-11-06 14:00:00+00:00,2.0053,2.012,1.9523,1.958,711514.1
2025-11-06 15:00:00+00:00,1.9583,1.9807,1.9306,1.9372,804283.9
2025-11-06 16:00:00+00:00,1.9373,1.9532,1.9024,1.9272,688838.4
2025-11-06 17:00:00+00:00,1.9276,1.9596,1.921,1.9551,630676.9
2025-11-06 18:00:00+00:00,1.9548,1.9758,1.9202,1.9589,598299.5
2025-11-06 19:00:00+00:00,1.9586,1.9708,1.9486,1.9644,365526.8
2025-11-06 20:00:00+00:00,1.9646,1.9776,1.94,1.9597,363878.1
2025-11-06 21:00:00+00:00,1.9595,1.9864,1.9497,1.9781,280798.9
2025-11-06 22:00:00+00:00,1.9783,1.9867,1.9609,1.9793,311509.99994897
2025-11-06 23:00:00+00:00,1.9791,1.9798,1.9497,1.9674,301154.6
2025-11-07 00:00:00+00:00,1.9676,1.9964,1.9619,1.9895,427426.1
2025-11-07 01:00:00+00:00,1.9895,1.9966,1.9529,1.9838,495779.2
2025-11-07 02:00:00+00:00,1.9837,2.0,1.9648,1.9988,423930.1
2025-11-07 03:00:00+00:00,1.9988,2.0116,1.9883,2.0061,570078.7
2025-11-07 04:00:00+00:00,2.0061,2.015,1.986,2.0133,408482.2
2025-11-07 05:00:00+00:00,2.0133,2.0285,2.0126,2.0235,615461.5
2025-11-07 06:00:00+00:00,2.0235,2.0241,2.0054,2.006,328227.0
2025-11-07 07:00:00+00:00,2.0061,2.0233,2.0004,2.0209,408391.5
2025-11-07 08:00:00+00:00,2.0209,2.0292,2.0062,2.0115,399810.0
2025-11-07 09:00:00+00:00,2.0114,2.0114,1.9664,1.9808,542399.7
2025-11-07 10:00:00+00:00,1.9808,2.0005,1.9698,1.9781,470605.4
2025-11-07 11:00:00+00:00,1.9776,1.9822,1.9483,1.973,724006.9
2025-11-07 12:00:00+00:00,1.973,1.9806,1.9343,1.949,791714.8
2025-11-07 13:00:00+00:00,1.9494,1.9738,1.938,1.9623,596534.7
2025-11-07 14:00:00+00:00,1.962,2.0067,1.9284,1.9981,1090416.8
2025-11-07 15:00:00+00:00,1.9981,2.0702,1.9835,2.0605,1215398.87539825
2025-11-07 16:00:00+00:00,2.0602,2.1165,2.0268,2.0978,1094158.6
2025-11-07 17:00:00+00:00,2.0984,2.1503,2.085,2.1369,945860.9
2025-11-07 18:00:00+00:00,2.1365,2.1937,2.1324,2.1801,919561.0
2025-11-07 19:00:00+00:00,2.1801,2.1836,2.16,2.1713,619149.5
2025-11-07 20:00:00+00:00,2.1711,2.1851,2.1616,2.1798,545823.0
2025-11-07 21:00:00+00:00,2.1803,2.1918,2.1729,2.183,382381.1
2025-11-07 22:00:00+00:00,2.1833,2.1893,2.17,2.1871,362218.6
2025-11-07 23:00:00+00:00,2.1868,2.1877,2.1348,2.1452,668897.2
2025-11-08 00:00:00+00:00,2.1451,2.1734,2.134,2.1368,496851.1
2025-11-08 01:00:00+00:00,2.1371,2.1774,2.135,2.1767,561790.8
2025-11-08 02:00:00+00:00,2.1765,2.2005,2.1543,2.1549,479159.2
2025-11-08 03:00:00+00:00,2.1552,2.1799,2.1416,2.1427,403667.8
2025-11-08 04:00:00+00:00,2.1427,2.1781,2.1427,2.1601,744846.4
2025-11-08 05:00:00+00:00,2.1595,2.1682,2.1201,2.1266,649606.5
2025-11-08 06:00:00+00:00,2.1271,2.1495,2.1167,2.1455,474430.1
2025-11-08 07:00:00+00:00,2.1453,2.1615,2.118,2.1613,408752.3
2025-11-08 08:00:00+00:00,2.1613,2.1669,2.1463,2.162,381770.9
2025-11-08 09:00:00+00:00,2.1615,2.1625,2.1265,2.1356,360106.8
2025-11-08 10:00:00+00:00,2.1356,2.1496,2.1305,2.1443,397139.5
2025-11-08 11:00:00+00:00,2.1443,2.1554,2.1195,2.1284,465873.5
2025-11-08 12:00:00+00:00,2.1286,2.1379,2.1205,2.1284,514064.8
2025-11-08 13:00:00+00:00,2.1288,2.1298,2.0887,2.0894,514117.8
2025-11-08 14:00:00+00:00,2.09,2.0997,2.0664,2.0908,508539.1
2025-11-08 15:00:00+00:00,2.0908,2.0952,2.0615,2.0713,440939.2
2025-11-08 16:00:00+00:00,2.0714,2.0892,2.061,2.0824,408706.88985836
2025-11-08 17:00:00+00:00,2.0824,2.1058,2.0751,2.1011,329781.1
2025-11-08 18:00:00+00:00,2.1011,2.1121,2.0934,2.1062,338015.4
2025-11-08 19:00:00+00:00,2.1061,2.1099,2.0791,2.0997,376695.2
2025-11-08 20:00:00+00:00,2.0998,2.1197,2.0917,2.1145,369851.9
2025-11-08 21:00:00+00:00,2.1144,2.1187,2.1076,2.1137,253497.2
2025-11-08 22:00:00+00:00,2.114,2.1249,2.1081,2.1188,260696.1
2025-11-08 23:00:00+00:00,2.1185,2.1269,2.1139,2.1223,190186.0
2025-11-09 00:00:00+00:00,2.1224,2.123,2.0903,2.0946,379198.5
2025-11-09 01:00:00+00:00,2.0945,2.1087,2.0902,2.1086,321706.6
2025-11-09 02:00:00+00:00,2.1083,2.1087,2.0591,2.0633,493244.3
2025-11-09 03:00:00+00:00,2.0631,2.0729,2.0502,2.06,519551.4
2025-11-09 04:00:00+00:00,2.0604,2.0781,2.0586,2.0634,290339.5
2025-11-09 05:00:00+00:00,2.0634,2.078,2.0574,2.075,315423.2
2025-11-09 06:00:00+00:00,2.0753,2.0953,2.0667,2.0788,345024.6
2025-11-09 07:00:00+00:00,2.0788,2.112,2.0744,2.1045,406986.4
2025-11-09 08:00:00+00:00,2.1045,2.1045,2.0834,2.0896,294803.0
2025-11-09 09:00:00+00:00,2.0903,2.1084,2.0667,2.0726,407011.6
2025-11-09 10:00:00+00:00,2.0727,2.0816,2.0582,2.0805,467873.9
2025-11-09 11:00:00+00:00,2.0807,2.1044,2.0807,2.0914,481299.5
2025-11-09 12:00:00+00:00,2.0919,2.1061,2.0891,2.0905,367775.4
2025-11-09 13:00:00+00:00,2.0909,2.1094,2.0871,2.1027,537875.9
2025-11-09 14:00:00+00:00,2.1025,2.14,2.0883,2.1017,713611.7
2025-11-09 15:00:00+00:00,2.102,2.1363,2.1018,2.1231,544844.4
2025-11-09 16:00:00+00:00,2.1232,2.1448,2.1083,2.1417,540691.0
2025-11-09 17:00:00+00:00,2.1417,2.1417,2.1105,2.1178,348204.6
2025-11-09 18:00:00+00:00,2.118,2.1379,2.1069,2.1372,272915.5
2025-11-09 19:00:00+00:00,2.1377,2.1665,2.1327,2.1652,453470.8
2025-11-09 20:00:00+00:00,2.1651,2.168,2.1475,2.1557,464237.8
2025-11-09 21:00:00+00:00,2.1558,2.1627,2.1476,2.1569,299913.90992465
2025-11-09 22:00:00+00:00,2.1575,2.1579,2.1322,2.1512,340197.0
2025-11-09 23:00:00+00:00,2.1513,2.172,2.1355,2.1451,512917.7
2025-11-10 00:00:00+00:00,2.1443,2.1904,2.1281,2.1712,580746.8
2025-11-10 01:00:00+00:00,2.1709,2.1836,2.1556,2.1614,474344.2
2025-11-10 02:00:00+00:00,2.1611,2.1667,2.15,2.1633,345791.1
2025-11-10 03:00:00+00:00,2.1635,2.1904,2.1635,2.1762,387204.7
2025-11-10 04:00:00+00:00,2.176,2.1904,2.1679,2.1833,388903.4
2025-11-10 05:00:00+00:00,2.1835,2.1946,2.1662,2.1821,338953.0
2025-11-10 06:00:00+00:00,2.1824,2.1878,2.1646,2.1725,385140.5
2025-11-10 07:00:00+00:00,2.1725,2.1883,2.1688,2.1772,373799.1
2025-11-10 08:00:00+00:00,2.1759,2.176,2.1454,2.1614,378676.84341812
2025-11-10 09:00:00+00:00,2.1614,2.2305,2.1572,2.2187,502690.3
2025-11-10 10:00:00+00:00,2.219,2.2208,2.1769,2.1898,324216.4
2025-11-10 11:00:00+00:00,2.1904,2.2083,2.1871,2.1955,182243.1
2025-11-10 12:00:00+00:00,2.1958,2.1982,2.1778,2.1868,226686.5
2025-11-10 13:00:00+00:00,2.1868,2.2206,2.1829,2.2059,235526.8
2025-11-10 14:00:00+00:00,2.2052,2.2052,2.134,2.1494,377978.5
2025-11-10 15:00:00+00:00,2.15,2.1755,2.138,2.1493,226215.1
2025-11-10 16:00:00+00:00,2.1484,2.1657,2.1234,2.135,172170.8
2025-11-10 17:00:00+00:00,2.1342,2.1697,2.1223,2.1586,546854.5
2025-11-10 18:00:00+00:00,2.1598,2.165,2.1348,2.1349,260292.2
2025-11-10 19:00:00+00:00,2.1353,2.1623,2.1329,2.1497,147290.3
2025-11-10 20:00:00+00:00,2.1496,2.1692,2.1454,2.1537,175718.7
2025-11-10 21:00:00+00:00,2.1543,2.1545,2.1129,2.1267,247739.4
2025-11-10 22:00:00+00:00,2.1269,2.1738,2.1223,2.1704,319677.1
2025-11-10 23:00:00+00:00,2.1715,2.1796,2.1585,2.163,134432.6
2025-11-11 00:00:00+00:00,2.1631,2.1672,2.1171,2.1399,486507.0
2025-11-11 01:00:00+00:00,2.1406,2.1974,2.1361,2.1472,581195.8
2025-11-11 02:00:00+00:00,2.1477,2.1944,2.1332,2.1824,519621.5
2025-11-11 03:00:00+00:00,2.1826,2.206,2.18,2.1929,465344.3
2025-11-11 04:00:00+00:00,2.1926,2.1955,2.1545,2.1586,451795.7
2025-11-11 05:00:00+00:00,2.1595,2.1595,2.1268,2.1282,466981.1
2025-11-11 06:00:00+00:00,2.1279,2.1313,2.1,2.1158,583610.6
2025-11-11 07:00:00+00:00,2.1156,2.1193,2.0827,2.0846,501569.4
2025-11-11 08:00:00+00:00,2.0845,2.1004,2.0707,2.0904,694296.6
2025-11-11 09:00:00+00:00,2.0897,2.1055,2.0835,2.0844,459182.4
2025-11-11 10:00:00+00:00,2.0841,2.0969,2.0821,2.0923,368005.2
2025-11-11 11:00:00+00:00,2.0927,2.1041,2.0827,2.0935,443395.0
2025-11-11 12:00:00+00:00,2.0935,2.1034,2.0741,2.0875,552811.5
2025-11-11 13:00:00+00:00,2.0877,2.0988,2.0795,2.0824,495849.2
2025-11-11 14:00:00+00:00,2.0826,2.1087,2.0658,2.1085,623140.7
2025-11-11 15:00:00+00:00,2.1081,2.1081,2.0714,2.0785,545510.5
2025-11-11 16:00:00+00:00,2.0789,2.0928,2.0729,2.0792,618346.1
2025-11-11 17:00:00+00:00,2.0793,2.095,2.0598,2.0737,446005.5
2025-11-11 18:00:00+00:00,2.074,2.0809,2.0559,2.0636,440317.7
2025-11-11 19:00:00+00:00,2.0635,2.0639,2.0374,2.0415,574571.9
2025-11-11 20:00:00+00:00,2.0418,2.0454,2.0158,2.0217,533929.0
2025-11-11 21:00:00+00:00,2.0219,2.0322,2.008,2.0126,543032.2
2025-11-11 22:00:00+00:00,2.0122,2.0381,2.0021,2.0307,695524.0
2025-11-11 23:00:00+00:00,2.0309,2.0317,2.0028,2.0072,510416.8
2025-11-12 00:00:00+00:00,2.0083,2.0211,1.9946,2.0063,520066.1
2025-11-12 01:00:00+00:00,2.0063,2.0272,2.0018,2.0242,483869.5
2025-11-12 02:00:00+00:00,2.024,2.0337,2.0044,2.0206,634420.8
2025-11-12 03:00:00+00:00,2.0208,2.0278,2.0178,2.0231,278070.33858104
2025-11-12 04:00:00+00:00,2.0232,2.028,2.0135,2.0222,241590.7
2025-11-12 05:00:00+00:00,2.0228,2.0323,2.014,2.024,323125.6
2025-11-12 06:00:00+00:00,2.0241,2.0455,2.022,2.0332,323955.5
2025-11-12 07:00:00+00:00,2.0332,2.0393,2.0102,2.0121,327582.2
2025-11-12 08:00:00+00:00,2.0123,2.0505,2.0123,2.0375,417248.1
2025-11-12 09:00:00+00:00,2.0375,2.0586,2.0362,2.051,444777.1
2025-11-12 10:00:00+00:00,2.0513,2.0777,2.0512,2.0735,390370.6
2025-11-12 11:00:00+00:00,2.0731,2.0826,2.0615,2.0693,457013.6
2025-11-12 12:00:00+00:00,2.0691,2.0785,2.0609,2.067,352097.4
2025-11-12 13:00:00+00:00,2.0671,2.0946,2.0624,2.0901,494082.5
2025-11-12 14:00:00+00:00,2.0904,2.0987,2.0164,2.0465,1053815.6
2025-11-12 15:00:00+00:00,2.0466,2.0599,1.9895,1.9981,1043490.79650652
2025-11-12 16:00:00+00:00,1.9978,2.0052,1.9608,1.9717,1158754.3
2025-11-12 17:00:00+00:00,1.9719,1.9978,1.9553,1.9791,688952.9
2025-11-12 18:00:00+00:00,1.9792,1.9953,1.9741,1.977,481391.8
2025-11-12 19:00:00+00:00,1.9769,1.9771,1.9495,1.9647,471309.4
2025-11-12 20:00:00+00:00,1.9638,1.989,1.9581,1.9763,379698.2
2025-11-12 21:00:00+00:00,1.9766,1.9853,1.973,1.9807,468794.5
2025-11-12 22:00:00+00:00,1.9809,1.9832,1.9648,1.9819,499823.1
2025-11-12 23:00:00+00:00,1.9814,1.9814,1.9598,1.9675,308824.8
2025-11-13 00:00:00+00:00,1.9674,1.986,1.965,1.9748,291362.7
2025-11-13 01:00:00+00:00,1.9746,1.9989,1.974,1.9823,458816.3
2025-11-13 02:00:00+00:00,1.9824,1.9877,1.9714,1.9804,239921.9
2025-11-13 03:00:00+00:00,1.9807,2.0249,1.9498,2.0053,612805.1
2025-11-13 04:00:00+00:00,2.0051,2.0143,1.9899,2.0059,435217.2
2025-11-13 05:00:00+00:00,2.0055,2.0317,1.9922,2.0257,380523.39519154
2025-11-13 06:00:00+00:00,2.026,2.0388,2.0192,2.0295,413711.2
2025-11-13 07:00:00+00:00,2.0296,2.0391,2.019,2.0235,438701.4
2025-11-13 08:00:00+00:00,2.0232,2.0357,2.0174,2.0317,323704.6
2025-11-13 09:00:00+00:00,2.0318,2.035,2.0052,2.0098,356332.0
2025-11-13 10:00:00+00:00,2.0101,2.0326,2.0097,2.0169,301444.2
2025-11-13 11:00:00+00:00,2.0168,2.0274,2.0143,2.0196,356973.7
2025-11-13 12:00:00+00:00,2.0195,2.043,2.0132,2.0413,373630.4
2025-11-13 13:00:00+00:00,2.0412,2.0466,2.0033,2.0093,543627.6
2025-11-13 14:00:00+00:00,2.0089,2.054,1.9862,2.0321,873417.8
2025-11-13 15:00:00+00:00,2.0319,2.0426,1.9886,1.9948,331719.0
2025-11-13 16:00:00+00:00,1.9949,1.999,1.9478,1.9498,376417.6
2025-11-13 17:00:00+00:00,1.9501,1.952,1.8954,1.8991,332152.6
2025-11-13 18:00:00+00:00,1.899,1.9064,1.8571,1.8687,475770.1
2025-11-13 19:00:00+00:00,1.8687,1.8864,1.8353,1.8434,414664.8
2025-11-13 20:00:00+00:00,1.8433,1.8477,1.8209,1.8259,316206.69935703
2025-11-13 21:00:00+00:00,1.8258,1.8452,1.8218,1.8331,268814.1
2025-11-13 22:00:00+00:00,1.8323,1.8836,1.827,1.8729,389252.0
2025-11-13 23:00:00+00:00,1.8731,1.8913,1.8618,1.8728,340670.3
2025-11-14 00:00:00+00:00,1.8725,1.8788,1.8449,1.8497,631620.3
2025-11-14 01:00:00+00:00,1.8501,1.8672,1.8424,1.8514,459596.6
2025-11-14 02:00:00+00:00,1.8519,1.8676,1.8517,1.8601,430256.6
2025-11-14 03:00:00+00:00,1.8602,1.8608,1.8349,1.8429,421070.3
2025-11-14 04:00:00+00:00,1.843,1.8433,1.7629,1.8009,1142429.3
2025-11-14 05:00:00+00:00,1.8007,1.8321,1.7941,1.8224,598493.9
2025-11-14 06:00:00+00:00,1.8226,1.8489,1.7957,1.8473,569591.7
2025-11-14 07:00:00+00:00,1.847,1.8574,1.8294,1.8433,736389.2
2025-11-14 08:00:00+00:00,1.8433,1.8436,1.81,1.8172,510966.99933427
2025-11-14 09:00:00+00:00,1.8174,1.8241,1.794,1.8011,408049.0
2025-11-14 10:00:00+00:00,1.8007,1.8176,1.7959,1.8019,374390.0
2025-11-14 11:00:00+00:00,1.8014,1.8041,1.7726,1.7896,543621.6
2025-11-14 12:00:00+00:00,1.7898,1.7898,1.7421,1.7852,1106295.8
2025-11-14 13:00:00+00:00,1.785,1.7926,1.7496,1.7656,837208.7
2025-11-14 14:00:00+00:00,1.7657,1.8065,1.7443,1.7946,1423483.1
2025-11-14 15:00:00+00:00,1.7951,1.821,1.7652,1.8003,631837.39990865
2025-11-14 16:00:00+00:00,1.8007,1.8205,1.7865,1.8149,637420.19977074
2025-11-14 17:00:00+00:00,1.8146,1.8192,1.7733,1.7805,560205.19991037
2025-11-14 18:00:00+00:00,1.7804,1.8089,1.774,1.78,574844.3
2025-11-14 19:00:00+00:00,1.7797,1.8135,1.7756,1.8086,535374.2
2025-11-14 20:00:00+00:00,1.8087,1.8098,1.7425,1.7554,612021.1
2025-11-14 21:00:00+00:00,1.7555,1.783,1.7463,1.7723,441277.1
2025-11-14 22:00:00+00:00,1.7723,1.7838,1.7521,1.7597,699443.4
2025-11-14 23:00:00+00:00,1.7598,1.7602,1.7076,1.7405,619516.6
2025-11-15 00:00:00+00:00,1.7405,1.7657,1.7371,1.7573,479924.2
2025-11-15 01:00:00+00:00,1.7576,1.7835,1.7513,1.7814,425499.1
2025-11-15 02:00:00+00:00,1.7814,1.7948,1.7735,1.7948,429708.6
2025-11-15 03:00:00+00:00,1.7949,1.7985,1.7853,1.7918,361364.89963943
2025-11-15 04:00:00+00:00,1.792,1.7991,1.785,1.7888,261556.9
2025-11-15 05:00:00+00:00,1.7888,1.7996,1.7831,1.7968,279400.5
2025-11-15 06:00:00+00:00,1.7969,1.8071,1.7938,1.7959,316355.1
2025-11-15 07:00:00+00:00,1.796,1.7962,1.7797,1.7832,274086.7
2025-11-15 08:00:00+00:00,1.7832,1.7846,1.7437,1.7485,428344.3
2025-11-15 09:00:00+00:00,1.7485,1.7686,1.7435,1.7524,349604.69979297
2025-11-15 10:00:00+00:00,1.7524,1.7644,1.7464,1.7634,346986.0
2025-11-15 11:00:00+00:00,1.7632,1.7661,1.7508,1.7564,312886.9
2025-11-15 12:00:00+00:00,1.7565,1.7783,1.7529,1.7759,261807.7
2025-11-15 13:00:00+00:00,1.7759,1.7947,1.7719,1.7921,408594.1
2025-11-15 14:00:00+00:00,1.7923,1.7928,1.7809,1.7878,368258.3
2025-11-15 15:00:00+00:00,1.7879,1.794,1.7814,1.7847,361100.2
2025-11-15 16:00:00+00:00,1.7843,1.7878,1.7677,1.7817,450915.4
2025-11-15 17:00:00+00:00,1.7818,1.7955,1.7754,1.79,385542.0
2025-11-15 18:00:00+00:00,1.7911,1.7961,1.7822,1.7892,296320.4
2025-11-15 19:00:00+00:00,1.7894,1.7917,1.7821,1.786,224590.7
2025-11-15 20:00:00+00:00,1.7861,1.7867,1.7678,1.7697,298819.9
2025-11-15 21:00:00+00:00,1.7698,1.78,1.7541,1.757,315130.3
2025-11-15 22:00:00+00:00,1.7571,1.7735,1.7542,1.7725,425147.1
2025-11-15 23:00:00+00:00,1.7726,1.7759,1.767,1.7695,224399.8
2025-11-16 00:00:00+00:00,1.7698,1.7729,1.7457,1.7569,393404.1
2025-11-16 01:00:00+00:00,1.7569,1.7598,1.7172,1.7454,663588.8
2025-11-16 02:00:00+00:00,1.7452,1.7665,1.7367,1.7662,433701.6
2025-11-16 03:00:00+00:00,1.7666,1.7715,1.7586,1.7653,248907.4
2025-11-16 04:00:00+00:00,1.7651,1.767,1.7485,1.7569,197172.2
2025-11-16 05:00:00+00:00,1.7569,1.7747,1.7559,1.7645,254953.0
2025-11-16 06:00:00+00:00,1.7648,1.7729,1.7572,1.7584,261087.9
2025-11-16 07:00:00+00:00,1.7584,1.7655,1.7522,1.7655,248606.1
2025-11-16 08:00:00+00:00,1.7659,1.7701,1.7522,1.7601,273064.7
2025-11-16 09:00:00+00:00,1.7603,1.7808,1.7501,1.7807,341038.2
2025-11-16 10:00:00+00:00,1.7802,1.7828,1.7714,1.7716,418172.1
2025-11-16 11:00:00+00:00,1.7716,1.7744,1.7091,1.7193,767934.5
2025-11-16 12:00:00+00:00,1.7195,1.7287,1.6984,1.7042,502642.2
2025-11-16 13:00:00+00:00,1.7041,1.7075,1.6762,1.687,531873.3
2025-11-16 14:00:00+00:00,1.6869,1.708,1.6839,1.7055,432753.6
2025-11-16 15:00:00+00:00,1.7056,1.7064,1.6674,1.6703,601704.2
2025-11-16 16:00:00+00:00,1.67,1.687,1.6564,1.6638,532991.2
2025-11-16 17:00:00+00:00,1.6638,1.6712,1.6428,1.6636,752387.5
2025-11-16 18:00:00+00:00,1.6632,1.6984,1.6532,1.6573,639063.7
2025-11-16 19:00:00+00:00,1.6575,1.6835,1.6564,1.6632,458540.1
2025-11-16 20:00:00+00:00,1.6633,1.6792,1.6607,1.6608,391120.3
2025-11-16 21:00:00+00:00,1.6607,1.6626,1.6448,1.6606,562314.2
2025-11-16 22:00:00+00:00,1.6607,1.6835,1.6451,1.6766,783660.3
2025-11-16 23:00:00+00:00,1.6767,1.6955,1.6427,1.679,613092.9
2025-11-17 00:00:00+00:00,1.6791,1.6977,1.6548,1.6869,458156.29917853
2025-11-17 01:00:00+00:00,1.6877,1.6912,1.6773,1.6781,323546.6
2025-11-17 02:00:00+00:00,1.6786,1.6958,1.6738,1.6888,338979.9
2025-11-17 03:00:00+00:00,1.689,1.7055,1.6882,1.705,390031.1
2025-11-17 04:00:00+00:00,1.7052,1.7215,1.7022,1.7083,361451.1
2025-11-17 05:00:00+00:00,1.7086,1.7124,1.7032,1.7088,238326.3
2025-11-17 06:00:00+00:00,1.709,1.7214,1.7027,1.7206,285396.5
2025-11-17 07:00:00+00:00,1.7208,1.7288,1.7158,1.7228,350281.2
2025-11-17 08:00:00+00:00,1.7231,1.7262,1.7126,1.7154,209933.29991813
2025-11-17 09:00:00+00:00,1.7152,1.7306,1.7099,1.7248,318850.5
2025-11-17 10:00:00+00:00,1.7241,1.7327,1.7221,1.7266,276585.2
2025-11-17 11:00:00+00:00,1.7265,1.7344,1.719,1.7233,226448.7998493
2025-11-17 12:00:00+00:00,1.7232,1.7239,1.7099,1.7126,271172.2
2025-11-17 13:00:00+00:00,1.7119,1.7139,1.6267,1.6416,649208.2
2025-11-17 14:00:00+00:00,1.6412,1.7351,1.6273,1.6935,1110262.0
2025-11-17 15:00:00+00:00,1.6943,1.7023,1.6463,1.654,866970.7
2025-11-17 16:00:00+00:00,1.6539,1.6952,1.6305,1.6945,802490.57571761
2025-11-17 17:00:00+00:00,1.6949,1.6967,1.6375,1.6443,537584.29999207
2025-11-17 18:00:00+00:00,1.6446,1.6533,1.6071,1.6176,709838.2
2025-11-17 19:00:00+00:00,1.6174,1.6242,1.5864,1.5968,867460.4
2025-11-17 20:00:00+00:00,1.5964,1.6114,1.58,1.5986,664465.0
2025-11-17 21:00:00+00:00,1.5987,1.6121,1.5821,1.6018,398041.59996038
2025-11-17 22:00:00+00:00,1.602,1.6239,1.5945,1.6149,507522.8
2025-11-17 23:00:00+00:00,1.6155,1.6226,1.6046,1.6178,518579.69992087
2025-11-18 00:00:00+00:00,1.6181,1.6232,1.5791,1.6185,572906.0
2025-11-18 01:00:00+00:00,1.6184,1.6355,1.6108,1.6188,419066.3
2025-11-18 02:00:00+00:00,1.6189,1.6477,1.5998,1.6116,576801.4999803
2025-11-18 03:00:00+00:00,1.6113,1.6571,1.5928,1.6437,587906.5
2025-11-18 04:00:00+00:00,1.6435,1.649,1.6148,1.6469,497504.4
2025-11-18 05:00:00+00:00,1.6475,1.6598,1.6324,1.6383,391577.0
2025-11-18 06:00:00+00:00,1.6389,1.6466,1.6272,1.6289,379842.4
2025-11-18 07:00:00+00:00,1.6287,1.6503,1.623,1.6425,379279.9
2025-11-18 08:00:00+00:00,1.6422,1.6622,1.6403,1.6531,470486.1
2025-11-18 09:00:00+00:00,1.6527,1.6554,1.6418,1.6528,459418.3
2025-11-18 10:00:00+00:00,1.653,1.6617,1.6449,1.6603,427180.3
2025-11-18 11:00:00+00:00,1.6601,1.6619,1.6482,1.6507,407478.1
2025-11-18 12:00:00+00:00,1.6503,1.6554,1.6294,1.647,420516.8
2025-11-18 13:00:00+00:00,1.6468,1.6479,1.6321,1.6416,421686.7
2025-11-18 14:00:00+00:00,1.6416,1.659,1.6302,1.6302,683266.1
2025-11-18 15:00:00+00:00,1.6301,1.6786,1.6181,1.6673,734127.4
2025-11-18 16:00:00+00:00,1.6674,1.697,1.6619,1.6925,513262.2
2025-11-18 17:00:00+00:00,1.6926,1.6932,1.6691,1.6804,430672.5
2025-11-18 18:00:00+00:00,1.6805,1.6987,1.6805,1.687,361874.4
2025-11-18 19:00:00+00:00,1.6872,1.6993,1.6846,1.6888,308548.8
2025-11-18 20:00:00+00:00,1.6889,1.6932,1.6781,1.681,207313.8
2025-11-18 21:00:00+00:00,1.6809,1.6823,1.6594,1.6611,272582.5
2025-11-18 22:00:00+00:00,1.6609,1.685,1.6609,1.6812,277427.8
2025-11-18 23:00:00+00:00,1.681,1.6817,1.6646,1.6686,253246.2
2025-11-19 00:00:00+00:00,1.6685,1.6707,1.6436,1.6654,496903.5
2025-11-19 01:00:00+00:00,1.6656,1.6774,1.6551,1.6664,390787.3
2025-11-19 02:00:00+00:00,1.6668,1.6792,1.663,1.6705,325108.1
2025-11-19 03:00:00+00:00,1.671,1.6744,1.6459,1.6492,423165.3
2025-11-19 04:00:00+00:00,1.6489,1.6569,1.6444,1.6481,383999.8
2025-11-19 05:00:00+00:00,1.6482,1.6515,1.6095,1.6234,620930.6
2025-11-19 06:00:00+00:00,1.6234,1.6398,1.6177,1.6367,423308.7
2025-11-19 07:00:00+00:00,1.6362,1.6608,1.6345,1.656,387956.0
2025-11-19 08:00:00+00:00,1.656,1.6621,1.6496,1.6534,354583.5
2025-11-19 09:00:00+00:00,1.6534,1.6547,1.6414,1.6539,336030.2
2025-11-19 10:00:00+00:00,1.654,1.6648,1.6482,1.6494,291083.6
2025-11-19 11:00:00+00:00,1.6491,1.6565,1.6438,1.6454,302954.2
2025-11-19 12:00:00+00:00,1.6454,1.6562,1.6437,1.6538,305770.0
2025-11-19 13:00:00+00:00,1.6541,1.6542,1.6308,1.6316,363282.7
2025-11-19 14:00:00+00:00,1.6317,1.6351,1.6077,1.6282,508889.69851274
2025-11-19 15:00:00+00:00,1.6284,1.6537,1.5823,1.5841,748008.7
2025-11-19 16:00:00+00:00,1.5834,1.5911,1.5482,1.5524,769169.1
2025-11-19 17:00:00+00:00,1.5524,1.5597,1.5334,1.548,560338.6
2025-11-19 18:00:00+00:00,1.5476,1.5543,1.5166,1.5289,523786.9
2025-11-19 19:00:00+00:00,1.529,1.5316,1.5092,1.518,556929.4
2025-11-19 20:00:00+00:00,1.5183,1.5554,1.5116,1.551,541138.3
2025-11-19 21:00:00+00:00,1.5512,1.5963,1.5457,1.5922,762479.3
2025-11-19 22:00:00+00:00,1.5921,1.5926,1.5684,1.5817,513725.8
2025-11-19 23:00:00+00:00,1.5816,1.6104,1.5803,1.6069,526852.8
2025-11-20 00:00:00+00:00,1.6069,1.6207,1.5971,1.6114,483233.0
2025-11-20 01:00:00+00:00,1.6114,1.6313,1.6099,1.6289,508693.9
2025-11-20 02:00:00+00:00,1.6291,1.6437,1.6275,1.6378,380076.9
2025-11-20 03:00:00+00:00,1.638,1.6392,1.6262,1.6302,297179.0
2025-11-20 04:00:00+00:00,1.6302,1.6457,1.6218,1.6426,388047.7
2025-11-20 05:00:00+00:00,1.6424,1.6456,1.6328,1.6377,307139.1
2025-11-20 06:00:00+00:00,1.6377,1.6426,1.6183,1.6264,287679.0
2025-11-20 07:00:00+00:00,1.6266,1.6414,1.6233,1.6413,310537.99997054
2025-11-20 08:00:00+00:00,1.6411,1.6436,1.6295,1.6327,337735.6
2025-11-20 09:00:00+00:00,1.6327,1.6348,1.6206,1.6275,311751.79997054
2025-11-20 10:00:00+00:00,1.6278,1.6283,1.6148,1.626,336311.8
2025-11-20 11:00:00+00:00,1.6258,1.6335,1.6181,1.632,254266.8
2025-11-20 12:00:00+00:00,1.6322,1.657,1.6239,1.6497,364107.5
2025-11-20 13:00:00+00:00,1.6497,1.6609,1.6278,1.6316,617497.89994314
2025-11-20 14:00:00+00:00,1.6317,1.6428,1.6046,1.6249,811582.39997157
2025-11-20 15:00:00+00:00,1.6248,1.6262,1.5793,1.5815,645779.4
2025-11-20 16:00:00+00:00,1.5809,1.5832,1.5115,1.5205,993766.19991197
2025-11-20 17:00:00+00:00,1.5198,1.5258,1.4931,1.5033,558023.3
2025-11-20 18:00:00+00:00,1.5034,1.5184,1.4922,1.4957,458371.0
2025-11-20 19:00:00+00:00,1.4949,1.5014,1.4815,1.4982,331104.6
2025-11-20 20:00:00+00:00,1.4983,1.5108,1.4866,1.5052,249419.19997168
2025-11-20 21:00:00+00:00,1.5051,1.5418,1.504,1.5273,436573.4
2025-11-20 22:00:00+00:00,1.5269,1.5508,1.5249,1.5413,318143.9999251
2025-11-20 23:00:00+00:00,1.5411,1.5427,1.4942,1.4969,294687.43256645
2025-11-21 00:00:00+00:00,1.4967,1.5187,1.495,1.5085,579018.5
2025-11-21 01:00:00+00:00,1.5085,1.5194,1.4995,1.5082,781654.2
2025-11-21 02:00:00+00:00,1.5082,1.5089,1.469,1.4741,703503.5
2025-11-21 03:00:00+00:00,1.4739,1.497,1.4721,1.4811,419293.39995342
2025-11-21 04:00:00+00:00,1.4808,1.4899,1.4637,1.489,440513.6
2025-11-21 05:00:00+00:00,1.489,1.4959,1.4786,1.4829,445132.9
2025-11-21 06:00:00+00:00,1.4832,1.4886,1.4694,1.4812,473054.1
2025-11-21 07:00:00+00:00,1.4812,1.4887,1.321,1.3913,2912768.4627959
2025-11-21 08:00:00+00:00,1.3913,1.4128,1.3756,1.3886,594580.49990615
2025-11-21 09:00:00+00:00,1.3887,1.4022,1.3582,1.3584,676162.29995536
2025-11-21 10:00:00+00:00,1.3582,1.3737,1.3511,1.3533,718647.6
2025-11-21 11:00:00+00:00,1.3531,1.3653,1.3265,1.3373,638805.4
2025-11-21 12:00:00+00:00,1.3371,1.3808,1.3156,1.3701,1392381.5
2025-11-21 13:00:00+00:00,1.37,1.4017,1.3675,1.3913,777104.1
2025-11-21 14:00:00+00:00,1.3913,1.4143,1.3758,1.4,1239177.3
2025-11-21 15:00:00+00:00,1.4,1.4042,1.3553,1.3605,655973.7
2025-11-21 16:00:00+00:00,1.3606,1.3998,1.3381,1.3988,943244.2
2025-11-21 17:00:00+00:00,1.3991,1.4195,1.3952,1.3979,597577.5
2025-11-21 18:00:00+00:00,1.3981,1.4121,1.364,1.3995,715703.8
2025-11-21 19:00:00+00:00,1.3994,1.4058,1.3825,1.3879,434998.6
2025-11-21 20:00:00+00:00,1.3878,1.3909,1.3632,1.3754,865124.6
2025-11-21 21:00:00+00:00,1.3755,1.4018,1.3631,1.3933,427098.4
2025-11-21 22:00:00+00:00,1.3932,1.3981,1.3494,1.3501,522021.6
2025-11-21 23:00:00+00:00,1.3499,1.3955,1.3431,1.3908,529909.6
2025-11-22 00:00:00+00:00,1.3908,1.3993,1.3805,1.3883,470729.0
2025-11-22 01:00:00+00:00,1.3885,1.3983,1.3844,1.3978,413044.5
2025-11-22 02:00:00+00:00,1.3981,1.3984,1.3731,1.3803,459552.8
2025-11-22 03:00:00+00:00,1.3803,1.3878,1.3744,1.3781,370344.0
2025-11-22 04:00:00+00:00,1.3782,1.3793,1.3453,1.3662,443852.3
2025-11-22 05:00:00+00:00,1.3663,1.3703,1.3437,1.3581,397168.8
2025-11-22 06:00:00+00:00,1.358,1.377,1.3471,1.3709,574119.0
2025-11-22 07:00:00+00:00,1.3708,1.3757,1.3639,1.3734,423227.3
2025-11-22 08:00:00+00:00,1.3734,1.3734,1.338,1.3401,595662.69990341
2025-11-22 09:00:00+00:00,1.3403,1.3554,1.3315,1.3421,552504.0
2025-11-22 10:00:00+00:00,1.3422,1.3498,1.3302,1.338,415726.1
2025-11-22 11:00:00+00:00,1.3379,1.3615,1.3325,1.3498,474520.8
2025-11-22 12:00:00+00:00,1.3497,1.3499,1.3272,1.3299,402652.49980565
2025-11-22 13:00:00+00:00,1.33,1.3355,1.3114,1.3256,336850.2
2025-11-22 14:00:00+00:00,1.3255,1.3542,1.3249,1.3384,541190.1
2025-11-22 15:00:00+00:00,1.3386,1.3436,1.3196,1.3231,461150.4
2025-11-22 16:00:00+00:00,1.3233,1.3426,1.3193,1.339,438327.4
2025-11-22 17:00:00+00:00,1.339,1.3403,1.3268,1.3347,314305.3
2025-11-22 18:00:00+00:00,1.3348,1.3468,1.3303,1.3445,380095.5
2025-11-22 19:00:00+00:00,1.3449,1.35,1.3296,1.3362,369607.9
2025-11-22 20:00:00+00:00,1.3364,1.346,1.3182,1.3244,426964.1
2025-11-22 21:00:00+00:00,1.3244,1.3354,1.3233,1.3331,345570.2
2025-11-22 22:00:00+00:00,1.3333,1.368,1.3286,1.363,475979.8
2025-11-22 23:00:00+00:00,1.3628,1.3638,1.343,1.3451,359114.8
2025-11-23 00:00:00+00:00,1.345,1.3541,1.3417,1.3503,343994.6
2025-11-23 01:00:00+00:00,1.3504,1.3811,1.3494,1.3761,456871.0
2025-11-23 02:00:00+00:00,1.3762,1.3954,1.3729,1.3886,456276.8
2025-11-23 03:00:00+00:00,1.3887,1.3908,1.3781,1.3905,352150.4
2025-11-23 04:00:00+00:00,1.3907,1.4078,1.3887,1.395,483588.6
2025-11-23 05:00:00+00:00,1.3946,1.3947,1.374,1.3781,374272.2
2025-11-23 06:00:00+00:00,1.3782,1.3857,1.3661,1.3665,336732.3
2025-11-23 07:00:00+00:00,1.3665,1.3668,1.347,1.3595,368053.69511897
2025-11-23 08:00:00+00:00,1.3596,1.3676,1.3568,1.3657,289580.8
2025-11-23 09:00:00+00:00,1.3658,1.378,1.3641,1.3694,295381.8
2025-11-23 10:00:00+00:00,1.3695,1.3757,1.3674,1.3737,320417.4
2025-11-23 11:00:00+00:00,1.3732,1.3751,1.3594,1.3721,274744.7
2025-11-23 12:00:00+00:00,1.3721,1.3852,1.3712,1.3756,400614.3
2025-11-23 13:00:00+00:00,1.3755,1.3803,1.3695,1.3794,290850.4
2025-11-23 14:00:00+00:00,1.3796,1.3894,1.3558,1.3558,346711.5
2025-11-23 15:00:00+00:00,1.3559,1.3806,1.3517,1.3751,344626.7
2025-11-23 16:00:00+00:00,1.3755,1.3843,1.3667,1.3673,331046.4
2025-11-23 17:00:00+00:00,1.3673,1.372,1.3583,1.3633,310719.7
2025-11-23 18:00:00+00:00,1.3632,1.3818,1.3632,1.3748,316373.2
2025-11-23 19:00:00+00:00,1.3747,1.3889,1.3735,1.3817,449830.0
2025-11-23 20:00:00+00:00,1.3821,1.3896,1.379,1.3838,312144.5
2025-11-23 21:00:00+00:00,1.3839,1.3975,1.3745,1.3957,338069.5
2025-11-23 22:00:00+00:00,1.3958,1.3973,1.3833,1.3871,460453.8
2025-11-23 23:00:00+00:00,1.3872,1.3898,1.3639,1.3685,558073.4
2025-11-24 00:00:00+00:00,1.3682,1.3746,1.3473,1.3599,555360.2
2025-11-24 01:00:00+00:00,1.3598,1.3654,1.342,1.3622,548503.6
2025-11-24 02:00:00+00:00,1.3627,1.3947,1.36,1.3831,473960.7
2025-11-24 03:00:00+00:00,1.3833,1.4021,1.3766,1.3912,426008.6
2025-11-24 04:00:00+00:00,1.3913,1.4082,1.3677,1.3788,470566.2
2025-11-24 05:00:00+00:00,1.3787,1.4184,1.3784,1.4078,489494.4
2025-11-24 06:00:00+00:00,1.4077,1.4092,1.3837,1.3922,429832.1
2025-11-24 07:00:00+00:00,1.3919,1.4,1.3848,1.3942,356180.4
2025-11-24 08:00:00+00:00,1.3942,1.3952,1.3821,1.3895,353527.1
2025-11-24 09:00:00+00:00,1.3896,1.3932,1.3551,1.3581,437874.0
2025-11-24 10:00:00+00:00,1.3583,1.373,1.3576,1.3709,387482.9
2025-11-24 11:00:00+00:00,1.3712,1.3867,1.3623,1.3834,435842.9
2025-11-24 12:00:00+00:00,1.3834,1.3834,1.3621,1.3665,364688.9
2025-11-24 13:00:00+00:00,1.3665,1.3872,1.3643,1.3733,400524.4999618
2025-11-24 14:00:00+00:00,1.3733,1.3948,1.3557,1.3813,688301.09978908
2025-11-24 15:00:00+00:00,1.3816,1.4047,1.3743,1.3991,599425.0
2025-11-24 16:00:00+00:00,1.3993,1.4412,1.3991,1.4249,638762.8
2025-11-24 17:00:00+00:00,1.4252,1.512,1.4252,1.5048,966336.9
2025-11-24 18:00:00+00:00,1.505,1.5401,1.4972,1.5287,1024379.83067268
2025-11-24 19:00:00+00:00,1.5288,1.567,1.5165,1.5242,671315.8
2025-11-24 20:00:00+00:00,1.5242,1.5598,1.5242,1.5515,489815.89833639
2025-11-24 21:00:00+00:00,1.5511,1.5552,1.5414,1.5535,354410.4
2025-11-24 22:00:00+00:00,1.5532,1.5661,1.5365,1.5419,378130.5
2025-11-24 23:00:00+00:00,1.5416,1.5446,1.5235,1.5276,288431.1
2025-11-25 00:00:00+00:00,1.5269,1.5495,1.5217,1.5485,475742.3
2025-11-25 01:00:00+00:00,1.5485,1.5554,1.538,1.538,395202.2
2025-11-25 02:00:00+00:00,1.5383,1.5506,1.527,1.5494,482581.89916611
2025-11-25 03:00:00+00:00,1.5493,1.5507,1.5288,1.5356,407973.0
2025-11-25 04:00:00+00:00,1.5355,1.5645,1.5338,1.5621,418953.4
2025-11-25 05:00:00+00:00,1.5619,1.5725,1.5459,1.5536,528217.9
2025-11-25 06:00:00+00:00,1.5538,1.5616,1.5371,1.5486,438524.0
2025-11-25 07:00:00+00:00,1.5487,1.5495,1.5237,1.5262,472792.0
2025-11-25 08:00:00+00:00,1.5262,1.5323,1.5059,1.5072,480533.3
2025-11-25 09:00:00+00:00,1.5084,1.5207,1.4963,1.5202,516444.3
2025-11-25 10:00:00+00:00,1.5202,1.5413,1.51,1.539,384960.09682282
2025-11-25 11:00:00+00:00,1.539,1.5475,1.5268,1.5286,326076.1
2025-11-25 12:00:00+00:00,1.529,1.539,1.5223,1.5348,322625.8
2025-11-25 13:00:00+00:00,1.5348,1.542,1.5018,1.5063,473666.5
2025-11-25 14:00:00+00:00,1.5061,1.5155,1.4682,1.4835,604399.9
2025-11-25 15:00:00+00:00,1.4838,1.4966,1.4644,1.487,506566.1
2025-11-25 16:00:00+00:00,1.4868,1.5125,1.4818,1.4925,461692.2
2025-11-25 17:00:00+00:00,1.4923,1.5093,1.4838,1.4973,309594.9
2025-11-25 18:00:00+00:00,1.4973,1.5064,1.4828,1.4831,360009.9
2025-11-25 19:00:00+00:00,1.483,1.4864,1.4595,1.4834,466486.4
2025-11-25 20:00:00+00:00,1.4833,1.5192,1.4833,1.5142,473509.39851239
2025-11-25 21:00:00+00:00,1.5142,1.5199,1.5046,1.5087,331796.9
2025-11-25 22:00:00+00:00,1.5088,1.5311,1.4885,1.5201,606370.0
2025-11-25 23:00:00+00:00,1.5204,1.6172,1.5144,1.5638,1235064.4
2025-11-26 00:00:00+00:00,1.5638,1.5662,1.5433,1.5469,722520.35947974
2025-11-26 01:00:00+00:00,1.5468,1.5605,1.5362,1.5539,352378.6
2025-11-26 02:00:00+00:00,1.5535,1.5591,1.5347,1.5347,357410.7
2025-11-26 03:00:00+00:00,1.5348,1.5431,1.5184,1.5211,444436.8
2025-11-26 04:00:00+00:00,1.5212,1.5283,1.5142,1.5247,376204.5
2025-11-26 05:00:00+00:00,1.5249,1.5348,1.5236,1.5293,298065.6
2025-11-26 06:00:00+00:00,1.5292,1.5349,1.5195,1.5313,371258.6
2025-11-26 07:00:00+00:00,1.5312,1.542,1.5281,1.5418,286181.5
2025-11-26 08:00:00+00:00,1.5417,1.542,1.5222,1.5233,325571.3
2025-11-26 09:00:00+00:00,1.5234,1.5286,1.5082,1.511,418043.4
2025-11-26 10:00:00+00:00,1.5106,1.5209,1.4995,1.5115,404122.3
2025-11-26 11:00:00+00:00,1.5106,1.5148,1.5005,1.5016,392876.9
2025-11-26 12:00:00+00:00,1.5015,1.5076,1.4758,1.4774,505381.2
2025-11-26 13:00:00+00:00,1.4764,1.4955,1.4705,1.492,473558.1
2025-11-26 14:00:00+00:00,1.4916,1.4975,1.4704,1.4755,557766.4
2025-11-26 15:00:00+00:00,1.4752,1.4888,1.47,1.4808,516941.4
2025-11-26 16:00:00+00:00,1.4805,1.51,1.4805,1.5029,719278.8
2025-11-26 17:00:00+00:00,1.5026,1.5396,1.49,1.5346,794684.9
2025-11-26 18:00:00+00:00,1.5352,1.5547,1.532,1.5537,707448.2
2025-11-26 19:00:00+00:00,1.5537,1.5562,1.5409,1.5451,434251.5
2025-11-26 20:00:00+00:00,1.5452,1.5499,1.5343,1.5438,345772.0
2025-11-26 21:00:00+00:00,1.5441,1.5642,1.5391,1.5525,373472.6
2025-11-26 22:00:00+00:00,1.5533,1.5625,1.542,1.545,851352.4
2025-11-26 23:00:00+00:00,1.545,1.5524,1.5363,1.5433,336832.0
2025-11-27 00:00:00+00:00,1.5428,1.5494,1.5348,1.5435,397158.8
2025-11-27 01:00:00+00:00,1.5436,1.5664,1.5426,1.5623,477580.4
2025-11-27 02:00:00+00:00,1.5622,1.5781,1.5563,1.5697,522652.8
2025-11-27 03:00:00+00:00,1.5697,1.5779,1.5444,1.5479,526812.4
2025-11-27 04:00:00+00:00,1.5478,1.5654,1.5433,1.5445,467172.7
2025-11-27 05:00:00+00:00,1.5446,1.5545,1.5349,1.5399,334756.9
2025-11-27 06:00:00+00:00,1.5399,1.5589,1.5368,1.5455,408237.1
2025-11-27 07:00:00+00:00,1.5462,1.5463,1.5384,1.5438,209883.4
2025-11-27 08:00:00+00:00,1.5436,1.5443,1.5357,1.5402,329328.3
2025-11-27 09:00:00+00:00,1.5401,1.5543,1.5357,1.5365,319706.5
2025-11-27 10:00:00+00:00,1.5365,1.5398,1.5232,1.5297,386916.3
2025-11-27 11:00:00+00:00,1.5297,1.5381,1.5248,1.5322,248376.3
2025-11-27 12:00:00+00:00,1.5322,1.5336,1.5209,1.5257,327356.5
2025-11-27 13:00:00+00:00,1.5249,1.536,1.5178,1.5313,364874.0
2025-11-27 14:00:00+00:00,1.5313,1.5377,1.5251,1.5296,332849.0
2025-11-27 15:00:00+00:00,1.5295,1.5507,1.5275,1.5461,339845.2
2025-11-27 16:00:00+00:00,1.5463,1.5766,1.5453,1.5715,584975.98568178
2025-11-27 17:00:00+00:00,1.5709,1.5717,1.5568,1.5671,378699.0
2025-11-27 18:00:00+00:00,1.5663,1.5812,1.562,1.5806,230222.7
2025-11-27 19:00:00+00:00,1.5804,1.5806,1.568,1.5722,227991.0
2025-11-27 20:00:00+00:00,1.5728,1.5775,1.5656,1.5715,310789.1
2025-11-27 21:00:00+00:00,1.5714,1.5849,1.5642,1.5664,393386.8
2025-11-27 22:00:00+00:00,1.5666,1.5673,1.5438,1.5465,682147.4
2025-11-27 23:00:00+00:00,1.5457,1.5531,1.5358,1.5431,346218.0
2025-11-28 00:00:00+00:00,1.5432,1.5507,1.5388,1.544,347982.0
2025-11-28 01:00:00+00:00,1.5442,1.5444,1.5152,1.5171,364947.1
2025-11-28 02:00:00+00:00,1.5175,1.5347,1.5129,1.5312,400499.7
2025-11-28 03:00:00+00:00,1.5313,1.5414,1.5279,1.5384,439383.2
2025-11-28 04:00:00+00:00,1.5389,1.5419,1.5287,1.5313,269170.2
2025-11-28 05:00:00+00:00,1.5319,1.5393,1.5226,1.5328,339302.5
2025-11-28 06:00:00+00:00,1.5323,1.5323,1.5116,1.5156,377079.2
2025-11-28 07:00:00+00:00,1.5157,1.5277,1.5146,1.5196,264084.1
2025-11-28 08:00:00+00:00,1.5194,1.57,1.519,1.5683,527074.5
2025-11-28 09:00:00+00:00,1.5683,1.5782,1.5538,1.5577,463188.4
2025-11-28 10:00:00+00:00,1.5578,1.5652,1.5531,1.56,313437.3
2025-11-28 11:00:00+00:00,1.5598,1.5598,1.5321,1.5411,452190.9
2025-11-28 12:00:00+00:00,1.5406,1.555,1.54,1.5475,298795.2
2025-11-28 13:00:00+00:00,1.5473,1.5795,1.5408,1.5723,397801.0
2025-11-28 14:00:00+00:00,1.5723,1.5949,1.566,1.5802,773373.8
2025-11-28 15:00:00+00:00,1.5809,1.5997,1.5746,1.5838,564491.7
2025-11-28 16:00:00+00:00,1.5833,1.5833,1.5421,1.5422,640297.0
2025-11-28 17:00:00+00:00,1.5429,1.5436,1.5156,1.5219,656892.4
2025-11-28 18:00:00+00:00,1.5217,1.5262,1.504,1.5199,542402.4
2025-11-28 19:00:00+00:00,1.5193,1.5383,1.5185,1.5326,408263.7
2025-11-28 20:00:00+00:00,1.5326,1.5344,1.52,1.5328,286989.1
2025-11-28 21:00:00+00:00,1.5331,1.5362,1.5248,1.525,266059.7
2025-11-28 22:00:00+00:00,1.5251,1.5309,1.5121,1.5303,845092.2
2025-11-28 23:00:00+00:00,1.5304,1.5361,1.5211,1.5216,228135.6
2025-11-29 00:00:00+00:00,1.5218,1.5278,1.5183,1.5199,226077.89863788
2025-11-29 01:00:00+00:00,1.5192,1.5306,1.5173,1.5193,196275.3
2025-11-29 02:00:00+00:00,1.5188,1.5224,1.5113,1.5162,148017.4
2025-11-29 03:00:00+00:00,1.5165,1.5205,1.5123,1.5134,175934.5
2025-11-29 04:00:00+00:00,1.5135,1.5254,1.512,1.524,330378.5
2025-11-29 05:00:00+00:00,1.5238,1.5238,1.5116,1.5124,169940.1
2025-11-29 06:00:00+00:00,1.5125,1.5148,1.4953,1.5047,332696.0
2025-11-29 07:00:00+00:00,1.5048,1.5124,1.5034,1.5056,222201.4
2025-11-29 08:00:00+00:00,1.5059,1.5096,1.4996,1.5009,227284.6
2025-11-29 09:00:00+00:00,1.5014,1.5048,1.4976,1.5018,219763.2
2025-11-29 10:00:00+00:00,1.5017,1.5083,1.4928,1.5058,297278.0
2025-11-29 11:00:00+00:00,1.5056,1.5168,1.5026,1.513,245317.5
2025-11-29 12:00:00+00:00,1.5135,1.5153,1.5059,1.5059,180638.2
2025-11-29 13:00:00+00:00,1.5058,1.5103,1.5038,1.5062,158226.4
2025-11-29 14:00:00+00:00,1.506,1.5062,1.4973,1.4977,263375.9
2025-11-29 15:00:00+00:00,1.4979,1.5141,1.4974,1.5123,265749.3
2025-11-29 16:00:00+00:00,1.5122,1.5127,1.5019,1.5065,181562.9
2025-11-29 17:00:00+00:00,1.5067,1.5085,1.4905,1.4947,317117.4
2025-11-29 18:00:00+00:00,1.4944,1.5008,1.4858,1.4979,376183.2
2025-11-29 19:00:00+00:00,1.498,1.5018,1.4937,1.4941,186204.4
2025-11-29 20:00:00+00:00,1.4942,1.5027,1.489,1.5018,254731.0
2025-11-29 21:00:00+00:00,1.5018,1.5045,1.4968,1.5018,192656.3
2025-11-29 22:00:00+00:00,1.5013,1.5026,1.4958,1.4972,407909.9
2025-11-29 23:00:00+00:00,1.4976,1.5036,1.4947,1.4988,229336.8
2025-11-30 00:00:00+00:00,1.4986,1.5033,1.4962,1.498,302035.8
2025-11-30 01:00:00+00:00,1.4979,1.5089,1.4955,1.5075,467285.9
2025-11-30 02:00:00+00:00,1.5068,1.5137,1.5042,1.5053,190411.2
2025-11-30 03:00:00+00:00,1.5056,1.5185,1.4951,1.5162,263171.9
2025-11-30 04:00:00+00:00,1.5165,1.5179,1.5094,1.5127,199371.1
2025-11-30 05:00:00+00:00,1.5123,1.5126,1.4982,1.5009,241594.8
2025-11-30 06:00:00+00:00,1.5009,1.5115,1.4977,1.5086,219501.7
2025-11-30 07:00:00+00:00,1.5084,1.5236,1.5071,1.5235,231132.2
2025-11-30 08:00:00+00:00,1.5234,1.5406,1.519,1.5306,545228.5
2025-11-30 09:00:00+00:00,1.5308,1.5488,1.5281,1.5479,339457.8
2025-11-30 10:00:00+00:00,1.5479,1.5489,1.5253,1.5255,383977.0
2025-11-30 11:00:00+00:00,1.5257,1.5337,1.5222,1.5265,305845.9
2025-11-30 12:00:00+00:00,1.5267,1.5556,1.5235,1.5531,384279.3
2025-11-30 13:00:00+00:00,1.5532,1.57,1.5476,1.5612,445928.3
2025-11-30 14:00:00+00:00,1.5614,1.562,1.5384,1.5448,293518.4
2025-11-30 15:00:00+00:00,1.5452,1.5454,1.5263,1.5444,360020.3
2025-11-30 16:00:00+00:00,1.5445,1.5552,1.5431,1.5473,335828.3
2025-11-30 17:00:00+00:00,1.5475,1.5485,1.5367,1.5405,328940.6
2025-11-30 18:00:00+00:00,1.5408,1.5496,1.537,1.5485,266200.0
2025-11-30 19:00:00+00:00,1.5481,1.5504,1.5402,1.5429,187143.1
2025-11-30 20:00:00+00:00,1.543,1.5477,1.5343,1.5393,228349.5
2025-11-30 21:00:00+00:00,1.5394,1.5411,1.5314,1.5384,307093.3
2025-11-30 22:00:00+00:00,1.5388,1.5494,1.5317,1.5394,402539.7
2025-11-30 23:00:00+00:00,1.5392,1.5396,1.4953,1.4973,497785.3
2025-12-01 00:00:00+00:00,1.4966,1.501,1.3811,1.3855,1729603.5
2025-12-01 01:00:00+00:00,1.3852,1.4156,1.3832,1.3907,612367.0
2025-12-01 02:00:00+00:00,1.3904,1.3997,1.3856,1.3864,430926.0
2025-12-01 03:00:00+00:00,1.386,1.3867,1.3695,1.3743,569989.2
2025-12-01 04:00:00+00:00,1.374,1.3795,1.3666,1.3725,399226.3
2025-12-01 05:00:00+00:00,1.3728,1.3818,1.3656,1.3714,556791.8
2025-12-01 06:00:00+00:00,1.3718,1.379,1.3679,1.3718,325512.9
2025-12-01 07:00:00+00:00,1.3716,1.374,1.3592,1.3714,417703.8
2025-12-01 08:00:00+00:00,1.3714,1.3873,1.3671,1.3851,368947.5
2025-12-01 09:00:00+00:00,1.3853,1.388,1.3728,1.3744,310786.3
2025-12-01 10:00:00+00:00,1.3744,1.3781,1.3693,1.3701,256948.9
2025-12-01 11:00:00+00:00,1.3699,1.3708,1.3483,1.3503,484523.6
2025-12-01 12:00:00+00:00,1.3504,1.3537,1.33,1.351,654025.0
2025-12-01 13:00:00+00:00,1.3507,1.3644,1.3405,1.3437,463104.4
2025-12-01 14:00:00+00:00,1.3435,1.3582,1.337,1.339,460478.8
2025-12-01 15:00:00+00:00,1.3396,1.3413,1.3056,1.3289,628195.9
2025-12-01 16:00:00+00:00,1.3291,1.3292,1.3086,1.3133,406769.2
2025-12-01 17:00:00+00:00,1.3135,1.3241,1.3076,1.3135,400745.9
2025-12-01 18:00:00+00:00,1.3139,1.3283,1.3139,1.3252,292699.9
2025-12-01 19:00:00+00:00,1.3258,1.327,1.3139,1.3164,296926.0
2025-12-01 20:00:00+00:00,1.316,1.3349,1.316,1.3241,374548.2
2025-12-01 21:00:00+00:00,1.3244,1.3471,1.3231,1.3421,474848.8
2025-12-01 22:00:00+00:00,1.3426,1.3575,1.3391,1.3404,724561.4
2025-12-01 23:00:00+00:00,1.3405,1.356,1.3405,1.3452,447008.0
2025-12-02 00:00:00+00:00,1.3454,1.3534,1.3411,1.3499,276949.7
2025-12-02 01:00:00+00:00,1.349,1.3678,1.3443,1.3487,553666.5
2025-12-02 02:00:00+00:00,1.3492,1.3568,1.3429,1.3478,332410.8
2025-12-02 03:00:00+00:00,1.3487,1.3557,1.3356,1.352,354869.0
2025-12-02 04:00:00+00:00,1.352,1.3644,1.3513,1.3595,303333.4
2025-12-02 05:00:00+00:00,1.3592,1.3592,1.3503,1.3564,266540.7
2025-12-02 06:00:00+00:00,1.3562,1.362,1.3496,1.3571,232660.0
2025-12-02 07:00:00+00:00,1.357,1.3574,1.3455,1.3477,221257.6
2025-12-02 08:00:00+00:00,1.3475,1.3479,1.3318,1.3365,377026.6
2025-12-02 09:00:00+00:00,1.3369,1.3504,1.3357,1.3489,257086.1
2025-12-02 10:00:00+00:00,1.3483,1.3737,1.348,1.37,389752.4
2025-12-02 11:00:00+00:00,1.3697,1.3853,1.3678,1.3833,462878.1
2025-12-02 12:00:00+00:00,1.3839,1.3947,1.3758,1.3818,360809.0
2025-12-02 13:00:00+00:00,1.3824,1.4194,1.377,1.4158,558764.5
2025-12-02 14:00:00+00:00,1.4165,1.4785,1.4081,1.4762,774478.8
2025-12-02 15:00:00+00:00,1.4769,1.6255,1.4761,1.6048,1762523.7
2025-12-02 16:00:00+00:00,1.6049,1.625,1.5773,1.5867,1073122.9
2025-12-02 17:00:00+00:00,1.5866,1.6154,1.5809,1.5896,664034.6
2025-12-02 18:00:00+00:00,1.5897,1.6064,1.5848,1.5969,536488.5
2025-12-02 19:00:00+00:00,1.5965,1.6182,1.5957,1.6045,1377550.4
2025-12-02 20:00:00+00:00,1.6044,1.6159,1.5919,1.6035,559267.3
2025-12-02 21:00:00+00:00,1.6043,1.6078,1.5845,1.6067,469852.3
2025-12-02 22:00:00+00:00,1.6071,1.6494,1.6071,1.6433,2008933.5
2025-12-02 23:00:00+00:00,1.6433,1.6504,1.6216,1.628,567236.2
2025-12-03 00:00:00+00:00,1.6279,1.6492,1.6165,1.6373,514584.43431184
2025-12-03 01:00:00+00:00,1.6371,1.6406,1.6246,1.6248,527070.5
2025-12-03 02:00:00+00:00,1.6248,1.6407,1.6221,1.6378,487612.4
2025-12-03 03:00:00+00:00,1.6377,1.6889,1.6335,1.6365,872613.6
2025-12-03 04:00:00+00:00,1.635,1.73,1.6348,1.728,1315301.1
2025-12-03 05:00:00+00:00,1.7279,1.759,1.7268,1.7402,951974.3
2025-12-03 06:00:00+00:00,1.7406,1.7805,1.7262,1.7351,762865.0
2025-12-03 07:00:00+00:00,1.735,1.7535,1.7279,1.7532,622163.9
2025-12-03 08:00:00+00:00,1.7535,1.79,1.7473,1.7668,797964.1
2025-12-03 09:00:00+00:00,1.7668,1.7753,1.696,1.7172,1141719.6
2025-12-03 10:00:00+00:00,1.7169,1.7342,1.7002,1.7046,454078.8
2025-12-03 11:00:00+00:00,1.7044,1.7141,1.6946,1.7135,510453.5
2025-12-03 12:00:00+00:00,1.7136,1.7187,1.6996,1.7091,417183.35050497
2025-12-03 13:00:00+00:00,1.7087,1.7151,1.7031,1.7077,474791.8
2025-12-03 14:00:00+00:00,1.7087,1.7281,1.6677,1.6857,1327334.6
2025-12-03 15:00:00+00:00,1.6861,1.7057,1.6768,1.6943,613305.7
2025-12-03 16:00:00+00:00,1.695,1.7082,1.6782,1.6936,799721.6
2025-12-03 17:00:00+00:00,1.6936,1.698,1.682,1.6929,492893.8
2025-12-03 18:00:00+00:00,1.6926,1.6994,1.6584,1.6623,473368.0
2025-12-03 19:00:00+00:00,1.6624,1.6747,1.6592,1.6716,383294.5
2025-12-03 20:00:00+00:00,1.6724,1.6896,1.6681,1.6748,563234.8
2025-12-03 21:00:00+00:00,1.6751,1.6862,1.6699,1.6836,461676.4
2025-12-03 22:00:00+00:00,1.6829,1.7237,1.6724,1.7046,1101301.7
2025-12-03 23:00:00+00:00,1.7045,1.7141,1.6902,1.6902,529605.4
2025-12-04 00:00:00+00:00,1.69,1.7005,1.6777,1.6974,469643.5
2025-12-04 01:00:00+00:00,1.6973,1.72,1.6841,1.6846,429952.5
2025-12-04 02:00:00+00:00,1.6847,1.7,1.6819,1.6904,392101.3
2025-12-04 03:00:00+00:00,1.6901,1.6913,1.6657,1.674,323958.0
2025-12-04 04:00:00+00:00,1.6739,1.6796,1.6689,1.6765,295035.8
2025-12-04 05:00:00+00:00,1.6773,1.6786,1.6536,1.6631,440918.1
2025-12-04 06:00:00+00:00,1.6647,1.6746,1.6606,1.6673,342064.7
2025-12-04 07:00:00+00:00,1.6677,1.6699,1.6523,1.6686,328762.5
2025-12-04 08:00:00+00:00,1.6688,1.6814,1.6587,1.6652,286020.1
2025-12-04 09:00:00+00:00,1.6655,1.6844,1.6649,1.6777,311556.7
2025-12-04 10:00:00+00:00,1.6777,1.6832,1.6737,1.6759,278054.1
2025-12-04 11:00:00+00:00,1.6758,1.6803,1.6655,1.6713,263392.0
2025-12-04 12:00:00+00:00,1.6715,1.6763,1.6629,1.666,276458.6
2025-12-04 13:00:00+00:00,1.666,1.6702,1.6421,1.6469,644599.9
2025-12-04 14:00:00+00:00,1.6466,1.6641,1.6461,1.6529,429271.4
2025-12-04 15:00:00+00:00,1.6528,1.7124,1.6524,1.6964,684805.8
2025-12-04 16:00:00+00:00,1.6966,1.6968,1.675,1.6792,547925.49642247
2025-12-04 17:00:00+00:00,1.6787,1.679,1.649,1.6636,531201.0
2025-12-04 18:00:00+00:00,1.6638,1.6748,1.6545,1.6572,351386.8
2025-12-04 19:00:00+00:00,1.6577,1.6587,1.6121,1.6436,720903.9
2025-12-04 20:00:00+00:00,1.6436,1.6632,1.6361,1.6585,404238.3
2025-12-04 21:00:00+00:00,1.6586,1.6642,1.644,1.6467,370123.8
2025-12-04 22:00:00+00:00,1.6467,1.6707,1.6467,1.6662,527389.2
2025-12-04 23:00:00+00:00,1.6657,1.6686,1.658,1.6583,276618.7
2025-12-05 00:00:00+00:00,1.6581,1.6771,1.6579,1.6675,346888.2
2025-12-05 01:00:00+00:00,1.6675,1.6731,1.6605,1.6693,340833.4
2025-12-05 02:00:00+00:00,1.6684,1.6684,1.6518,1.6521,344456.1
2025-12-05 03:00:00+00:00,1.6521,1.6572,1.6449,1.6509,282447.2
2025-12-05 04:00:00+00:00,1.6508,1.6549,1.627,1.6309,440183.7
2025-12-05 05:00:00+00:00,1.6314,1.6396,1.6273,1.632,291220.4
2025-12-05 06:00:00+00:00,1.6324,1.6388,1.6287,1.636,271552.3
2025-12-05 07:00:00+00:00,1.6359,1.6486,1.6325,1.6446,291305.3
2025-12-05 08:00:00+00:00,1.6444,1.6444,1.6254,1.6333,268915.7
2025-12-05 09:00:00+00:00,1.6332,1.6332,1.6062,1.6124,489586.9
2025-12-05 10:00:00+00:00,1.6121,1.6393,1.6096,1.6332,402628.16729941
2025-12-05 11:00:00+00:00,1.6333,1.6343,1.6132,1.621,357285.1
2025-12-05 12:00:00+00:00,1.6222,1.6292,1.6176,1.622,359061.8
2025-12-05 13:00:00+00:00,1.6221,1.6318,1.6022,1.6055,513261.9
2025-12-05 14:00:00+00:00,1.6056,1.6264,1.6047,1.6165,476642.7
2025-12-05 15:00:00+00:00,1.6164,1.669,1.6164,1.6359,857725.7
2025-12-05 16:00:00+00:00,1.6361,1.6382,1.5539,1.571,1101294.0
2025-12-05 17:00:00+00:00,1.5713,1.5829,1.5545,1.5721,564813.5
2025-12-05 18:00:00+00:00,1.571,1.5843,1.5457,1.5463,604683.7
2025-12-05 19:00:00+00:00,1.5469,1.5743,1.537,1.5679,447052.2
2025-12-05 20:00:00+00:00,1.5677,1.5715,1.545,1.5464,327203.9
2025-12-05 21:00:00+00:00,1.5464,1.5547,1.5377,1.5486,287522.6
2025-12-05 22:00:00+00:00,1.5479,1.5594,1.5327,1.556,1003194.2
2025-12-05 23:00:00+00:00,1.5566,1.5603,1.5428,1.5555,339019.2
2025-12-06 00:00:00+00:00,1.5554,1.5625,1.5457,1.5613,283882.7
2025-12-06 01:00:00+00:00,1.5618,1.564,1.5464,1.5511,289368.1
2025-12-06 02:00:00+00:00,1.5513,1.5513,1.5432,1.5465,246599.8
2025-12-06 03:00:00+00:00,1.5464,1.559,1.546,1.5559,333449.0
2025-12-06 04:00:00+00:00,1.5559,1.5559,1.5379,1.5402,234734.4
2025-12-06 05:00:00+00:00,1.5402,1.5444,1.5348,1.5401,204913.1
2025-12-06 06:00:00+00:00,1.54,1.5459,1.5365,1.538,182901.9
2025-12-06 07:00:00+00:00,1.538,1.5391,1.5217,1.5242,335732.0573285
2025-12-06 08:00:00+00:00,1.5246,1.5249,1.5107,1.5113,348514.0
2025-12-06 09:00:00+00:00,1.5115,1.5367,1.5115,1.5187,332726.7
2025-12-06 10:00:00+00:00,1.5186,1.5246,1.5163,1.5175,280712.8
2025-12-06 11:00:00+00:00,1.5173,1.5238,1.5161,1.523,233762.3
2025-12-06 12:00:00+00:00,1.5233,1.5247,1.5146,1.5186,285514.7
2025-12-06 13:00:00+00:00,1.5183,1.5243,1.515,1.5166,237010.7
2025-12-06 14:00:00+00:00,1.5167,1.5397,1.5142,1.5353,488593.97179204
2025-12-06 15:00:00+00:00,1.5353,1.5361,1.5116,1.524,326527.8
2025-12-06 16:00:00+00:00,1.5242,1.5433,1.5229,1.5341,338495.2
2025-12-06 17:00:00+00:00,1.5341,1.5548,1.532,1.5525,327862.1
2025-12-06 18:00:00+00:00,1.5524,1.5617,1.5506,1.5588,340174.9
2025-12-06 19:00:00+00:00,1.5587,1.5612,1.5383,1.5409,319305.1
2025-12-06 20:00:00+00:00,1.5412,1.5506,1.5405,1.5492,227588.45354057
2025-12-06 21:00:00+00:00,1.5487,1.5602,1.5463,1.5554,305737.0
2025-12-06 22:00:00+00:00,1.5556,1.563,1.5515,1.5596,916036.0
2025-12-06 23:00:00+00:00,1.5599,1.5657,1.5506,1.5632,329638.1
2025-12-07 00:00:00+00:00,1.5638,1.5979,1.5599,1.5941,460458.8
2025-12-07 01:00:00+00:00,1.594,1.5947,1.57,1.5701,337501.7
2025-12-07 02:00:00+00:00,1.5701,1.5864,1.57,1.5843,295444.7
2025-12-07 03:00:00+00:00,1.5835,1.5934,1.5829,1.5928,230305.9
2025-12-07 04:00:00+00:00,1.5937,1.5937,1.5767,1.5776,252073.4
2025-12-07 05:00:00+00:00,1.5777,1.5888,1.5745,1.5826,171706.7
2025-12-07 06:00:00+00:00,1.5823,1.5917,1.5796,1.5914,200168.3
2025-12-07 07:00:00+00:00,1.5914,1.5954,1.57,1.5727,353136.8
2025-12-07 08:00:00+00:00,1.5732,1.5881,1.57,1.5753,354187.5
2025-12-07 09:00:00+00:00,1.5753,1.5777,1.563,1.5642,803075.5
2025-12-07 10:00:00+00:00,1.5641,1.5709,1.5562,1.5651,262099.0
2025-12-07 11:00:00+00:00,1.5652,1.5796,1.5614,1.5683,273421.1
2025-12-07 12:00:00+00:00,1.5683,1.5999,1.5667,1.5918,303305.7
2025-12-07 13:00:00+00:00,1.5919,1.5965,1.5581,1.5607,352657.3
2025-12-07 14:00:00+00:00,1.5611,1.562,1.5122,1.5152,858884.1
2025-12-07 15:00:00+00:00,1.5143,1.5931,1.5136,1.5842,671644.1
2025-12-07 16:00:00+00:00,1.5832,1.5832,1.5491,1.5714,468391.4
2025-12-07 17:00:00+00:00,1.5715,1.6416,1.5601,1.6377,919953.0
2025-12-07 18:00:00+00:00,1.6383,1.6602,1.6257,1.6336,620665.3
2025-12-07 19:00:00+00:00,1.634,1.6518,1.6167,1.6501,546285.8
2025-12-07 20:00:00+00:00,1.6503,1.6546,1.6387,1.642,372867.1
2025-12-07 21:00:00+00:00,1.6419,1.642,1.5798,1.592,519616.4
2025-12-07 22:00:00+00:00,1.5915,1.5946,1.5439,1.5672,2539576.5
2025-12-07 23:00:00+00:00,1.567,1.5855,1.558,1.5835,463304.4
2025-12-08 00:00:00+00:00,1.5842,1.591,1.572,1.5766,329676.9
2025-12-08 01:00:00+00:00,1.5767,1.638,1.5746,1.6076,502497.6
2025-12-08 02:00:00+00:00,1.6085,1.6239,1.6004,1.6215,337783.1
2025-12-08 03:00:00+00:00,1.6222,1.6288,1.6026,1.6082,376586.8
2025-12-08 04:00:00+00:00,1.6084,1.6303,1.606,1.6212,269312.9
2025-12-08 05:00:00+00:00,1.6212,1.6258,1.6131,1.6209,323847.3
2025-12-08 06:00:00+00:00,1.6209,1.6346,1.6185,1.6297,387260.6
2025-12-08 07:00:00+00:00,1.6305,1.6357,1.62,1.6222,377068.3
2025-12-08 08:00:00+00:00,1.6217,1.6347,1.6152,1.6344,351707.8
2025-12-08 09:00:00+00:00,1.6344,1.6595,1.6273,1.6292,440901.4
2025-12-08 10:00:00+00:00,1.63,1.6427,1.6241,1.6403,400808.2
2025-12-08 11:00:00+00:00,1.6411,1.6421,1.6229,1.6268,309884.2
2025-12-08 12:00:00+00:00,1.6268,1.6277,1.6125,1.6199,403083.9
2025-12-08 13:00:00+00:00,1.6199,1.6304,1.6064,1.6173,410302.5
2025-12-08 14:00:00+00:00,1.6175,1.6426,1.6096,1.6113,658231.2
2025-12-08 15:00:00+00:00,1.6115,1.6245,1.5883,1.6106,567545.1
2025-12-08 16:00:00+00:00,1.6107,1.63,1.6004,1.612,377588.7
2025-12-08 17:00:00+00:00,1.6124,1.6204,1.5941,1.612,526622.7
2025-12-08 18:00:00+00:00,1.6122,1.6239,1.5935,1.6016,541523.0
2025-12-08 19:00:00+00:00,1.6015,1.6139,1.5997,1.6053,511862.1
2025-12-08 20:00:00+00:00,1.6054,1.6255,1.6049,1.6195,541354.8
2025-12-08 21:00:00+00:00,1.6194,1.6376,1.6114,1.6351,527150.0
2025-12-08 22:00:00+00:00,1.6353,1.6367,1.6181,1.6232,398648.01098308
2025-12-08 23:00:00+00:00,1.6233,1.6258,1.6066,1.6104,433430.9
2025-12-09 00:00:00+00:00,1.6103,1.6147,1.5941,1.5986,342688.6
2025-12-09 01:00:00+00:00,1.5993,1.6022,1.5838,1.5872,395047.6
2025-12-09 02:00:00+00:00,1.5874,1.5996,1.5861,1.5865,308413.5
2025-12-09 03:00:00+00:00,1.5869,1.5991,1.5769,1.5967,368319.1
2025-12-09 04:00:00+00:00,1.5975,1.5996,1.5799,1.5833,262490.5
2025-12-09 05:00:00+00:00,1.5835,1.5894,1.5736,1.5828,281271.5
2025-12-09 06:00:00+00:00,1.5832,1.591,1.5736,1.5905,303685.0
2025-12-09 07:00:00+00:00,1.591,1.6147,1.5858,1.6129,338131.5
2025-12-09 08:00:00+00:00,1.6135,1.6254,1.6071,1.6091,333715.3
2025-12-09 09:00:00+00:00,1.6093,1.6102,1.5997,1.6061,234293.68666478
2025-12-09 10:00:00+00:00,1.6064,1.6138,1.5947,1.6029,399205.0
2025-12-09 11:00:00+00:00,1.6031,1.6088,1.5927,1.605,318789.3
2025-12-09 12:00:00+00:00,1.6048,1.6149,1.5963,1.607,316832.2
2025-12-09 13:00:00+00:00,1.6069,1.6114,1.5915,1.6018,383769.8
2025-12-09 14:00:00+00:00,1.6025,1.6087,1.5892,1.6036,318169.2
2025-12-09 15:00:00+00:00,1.6044,1.661,1.6015,1.6575,769847.9
2025-12-09 16:00:00+00:00,1.6585,1.7102,1.658,1.7016,746692.6
2025-12-09 17:00:00+00:00,1.7023,1.7282,1.688,1.7096,644513.798105
2025-12-09 18:00:00+00:00,1.7098,1.7149,1.6988,1.706,379702.9
2025-12-09 19:00:00+00:00,1.7062,1.7069,1.6848,1.688,370985.3
2025-12-09 20:00:00+00:00,1.6875,1.6922,1.6485,1.6656,641409.0
2025-12-09 21:00:00+00:00,1.6657,1.6663,1.6309,1.6459,351699.0
2025-12-09 22:00:00+00:00,1.6453,1.6663,1.6431,1.6595,711240.2
2025-12-09 23:00:00+00:00,1.6594,1.6655,1.6516,1.6593,254604.1
2025-12-10 00:00:00+00:00,1.6595,1.672,1.6451,1.6458,348067.5
2025-12-10 01:00:00+00:00,1.6458,1.6498,1.6364,1.641,276266.0
2025-12-10 02:00:00+00:00,1.6413,1.6473,1.6323,1.6423,268347.4
2025-12-10 03:00:00+00:00,1.6417,1.6452,1.6319,1.6345,219838.8
2025-12-10 04:00:00+00:00,1.6344,1.6436,1.6287,1.6381,298511.0
2025-12-10 05:00:00+00:00,1.6378,1.6449,1.634,1.6418,221269.9
2025-12-10 06:00:00+00:00,1.6419,1.6442,1.6325,1.6358,239616.0
2025-12-10 07:00:00+00:00,1.6352,1.6352,1.6169,1.6264,341853.1
2025-12-10 08:00:00+00:00,1.6269,1.6303,1.6205,1.6214,287710.1
2025-12-10 09:00:00+00:00,1.6215,1.6406,1.6162,1.6402,421321.6
2025-12-10 10:00:00+00:00,1.6389,1.651,1.6045,1.613,669121.95078391
2025-12-10 11:00:00+00:00,1.6129,1.6175,1.5998,1.6124,392471.0
2025-12-10 12:00:00+00:00,1.6125,1.6157,1.605,1.6135,247393.8
2025-12-10 13:00:00+00:00,1.6132,1.6194,1.6078,1.6157,351926.9
2025-12-10 14:00:00+00:00,1.6156,1.6163,1.6035,1.6119,324455.2
2025-12-10 15:00:00+00:00,1.6116,1.6207,1.6008,1.6107,421252.9
2025-12-10 16:00:00+00:00,1.6107,1.6362,1.6063,1.6176,483113.7
2025-12-10 17:00:00+00:00,1.6179,1.6385,1.6143,1.6299,366855.4
2025-12-10 18:00:00+00:00,1.6301,1.6711,1.6229,1.6487,590146.5
2025-12-10 19:00:00+00:00,1.6478,1.6879,1.6239,1.6681,1480369.2
2025-12-10 20:00:00+00:00,1.6682,1.7162,1.6199,1.6436,2376323.9
2025-12-10 21:00:00+00:00,1.6438,1.6551,1.6166,1.6209,1035558.8
2025-12-10 22:00:00+00:00,1.6207,1.6351,1.603,1.6332,1008459.5
2025-12-10 23:00:00+00:00,1.6328,1.637,1.6133,1.6151,388027.1
2025-12-11 00:00:00+00:00,1.6138,1.6202,1.5729,1.5777,474605.8
2025-12-11 01:00:00+00:00,1.578,1.58,1.5555,1.5571,492052.5
2025-12-11 02:00:00+00:00,1.557,1.5587,1.5457,1.5509,423501.9
2025-12-11 03:00:00+00:00,1.5517,1.5517,1.5326,1.5363,447925.3
2025-12-11 04:00:00+00:00,1.5364,1.5643,1.5289,1.561,426476.9
2025-12-11 05:00:00+00:00,1.5612,1.5612,1.5495,1.5595,241222.2
2025-12-11 06:00:00+00:00,1.5591,1.5646,1.5474,1.5506,402691.1
2025-12-11 07:00:00+00:00,1.5508,1.5531,1.5392,1.5488,244290.0
2025-12-11 08:00:00+00:00,1.5492,1.551,1.5355,1.5458,253937.6
2025-12-11 09:00:00+00:00,1.5453,1.551,1.5377,1.5402,248941.7
2025-12-11 10:00:00+00:00,1.5404,1.5465,1.5366,1.5427,292206.4
2025-12-11 11:00:00+00:00,1.5426,1.5503,1.5409,1.5452,230573.5
2025-12-11 12:00:00+00:00,1.5451,1.5518,1.5368,1.5433,259954.9
2025-12-11 13:00:00+00:00,1.5439,1.5488,1.5392,1.544,276360.8
2025-12-11 14:00:00+00:00,1.5442,1.5466,1.5203,1.5271,558288.3
2025-12-11 15:00:00+00:00,1.526,1.5614,1.5237,1.5417,447125.6
2025-12-11 16:00:00+00:00,1.5414,1.5536,1.5268,1.5407,359755.7
2025-12-11 17:00:00+00:00,1.5417,1.5626,1.5404,1.555,494728.0
2025-12-11 18:00:00+00:00,1.5551,1.578,1.5519,1.564,445365.5
2025-12-11 19:00:00+00:00,1.5642,1.5805,1.5557,1.561,473442.9
2025-12-11 20:00:00+00:00,1.561,1.5888,1.5591,1.5867,370350.6
2025-12-11 21:00:00+00:00,1.5863,1.6353,1.5838,1.6219,756133.29341289
2025-12-11 22:00:00+00:00,1.622,1.6306,1.6011,1.6066,701623.4
2025-12-11 23:00:00+00:00,1.6078,1.6245,1.601,1.612,436459.7
2025-12-12 00:00:00+00:00,1.6119,1.6236,1.594,1.5981,347035.2
2025-12-12 01:00:00+00:00,1.5984,1.6227,1.5975,1.6195,411273.0
2025-12-12 02:00:00+00:00,1.6196,1.6434,1.6117,1.6374,427231.8
2025-12-12 03:00:00+00:00,1.6379,1.645,1.627,1.628,368379.8
2025-12-12 04:00:00+00:00,1.6278,1.6336,1.6216,1.63,326648.8
2025-12-12 05:00:00+00:00,1.6295,1.6516,1.6283,1.6503,305998.4
2025-12-12 06:00:00+00:00,1.6507,1.6647,1.646,1.6505,337148.0
2025-12-12 07:00:00+00:00,1.6511,1.6595,1.6431,1.6589,272467.7
2025-12-12 08:00:00+00:00,1.6592,1.6595,1.636,1.6388,320289.5
2025-12-12 09:00:00+00:00,1.6387,1.6449,1.6263,1.6433,336674.0
2025-12-12 10:00:00+00:00,1.6431,1.6481,1.637,1.6441,253871.1
2025-12-12 11:00:00+00:00,1.6435,1.6473,1.6347,1.6445,258146.6
2025-12-12 12:00:00+00:00,1.6442,1.6591,1.6361,1.6591,284544.0
2025-12-12 13:00:00+00:00,1.6592,1.6606,1.6492,1.6543,256371.6
2025-12-12 14:00:00+00:00,1.6549,1.6614,1.6421,1.6472,396126.1
2025-12-12 15:00:00+00:00,1.6469,1.6469,1.5611,1.5653,946293.1
2025-12-12 16:00:00+00:00,1.5648,1.5724,1.5377,1.5487,698613.9
2025-12-12 17:00:00+00:00,1.549,1.5701,1.545,1.556,382056.6
2025-12-12 18:00:00+00:00,1.5562,1.5781,1.5536,1.5609,395400.1
2025-12-12 19:00:00+00:00,1.5609,1.5637,1.5514,1.5586,261758.3
2025-12-12 20:00:00+00:00,1.5587,1.5627,1.5529,1.5569,293632.0
2025-12-12 21:00:00+00:00,1.5567,1.5695,1.5541,1.56,259931.8
2025-12-12 22:00:00+00:00,1.5599,1.5711,1.5597,1.5669,310743.9
2025-12-12 23:00:00+00:00,1.5669,1.5697,1.559,1.5598,217596.8
2025-12-13 00:00:00+00:00,1.5596,1.5698,1.5565,1.5682,176740.0
2025-12-13 01:00:00+00:00,1.5686,1.5753,1.5675,1.5723,159549.4
2025-12-13 02:00:00+00:00,1.5723,1.5873,1.5715,1.5747,281355.7
2025-12-13 03:00:00+00:00,1.5747,1.5821,1.5729,1.579,155810.4
2025-12-13 04:00:00+00:00,1.579,1.585,1.5769,1.5824,166372.3
2025-12-13 05:00:00+00:00,1.5822,1.5857,1.5742,1.5807,146140.5
2025-12-13 06:00:00+00:00,1.5809,1.5809,1.5741,1.5771,132837.7
2025-12-13 07:00:00+00:00,1.5772,1.5905,1.5772,1.5851,193156.6
2025-12-13 08:00:00+00:00,1.5854,1.6191,1.5842,1.6133,369282.9
2025-12-13 09:00:00+00:00,1.6134,1.6134,1.5985,1.5991,279235.96108462
2025-12-13 10:00:00+00:00,1.5986,1.6175,1.594,1.6139,211725.4
2025-12-13 11:00:00+00:00,1.6142,1.6182,1.6059,1.607,254796.4
2025-12-13 12:00:00+00:00,1.6069,1.6177,1.6005,1.6113,246540.8
2025-12-13 13:00:00+00:00,1.6108,1.6156,1.5998,1.6016,231573.0
2025-12-13 14:00:00+00:00,1.6012,1.6072,1.5953,1.5991,292489.5
2025-12-13 15:00:00+00:00,1.5994,1.6105,1.5982,1.604,243796.3
2025-12-13 16:00:00+00:00,1.6039,1.613,1.6033,1.6095,247648.0
2025-12-13 17:00:00+00:00,1.6096,1.6102,1.5981,1.6064,229357.7
2025-12-13 18:00:00+00:00,1.6066,1.6127,1.6051,1.6078,204634.1
2025-12-13 19:00:00+00:00,1.6079,1.6146,1.6065,1.6121,195111.9
2025-12-13 20:00:00+00:00,1.6122,1.6133,1.6024,1.6038,185356.5
2025-12-13 21:00:00+00:00,1.6039,1.6053,1.5865,1.6002,331188.0
2025-12-13 22:00:00+00:00,1.6,1.603,1.5918,1.5986,217944.2
2025-12-13 23:00:00+00:00,1.5988,1.6066,1.5946,1.6051,196356.8
2025-12-14 00:00:00+00:00,1.605,1.6185,1.5959,1.6095,307395.3
2025-12-14 01:00:00+00:00,1.6098,1.6296,1.6092,1.6124,239384.8
2025-12-14 02:00:00+00:00,1.6124,1.6241,1.6118,1.6162,236577.4
2025-12-14 03:00:00+00:00,1.6172,1.6172,1.6049,1.6062,183760.7
2025-12-14 04:00:00+00:00,1.6059,1.612,1.5975,1.6012,219378.6
2025-12-14 05:00:00+00:00,1.6011,1.6011,1.5878,1.5993,296365.7
2025-12-14 06:00:00+00:00,1.5992,1.6025,1.5904,1.5969,183749.1
2025-12-14 07:00:00+00:00,1.5969,1.6045,1.5951,1.5999,170185.9
2025-12-14 08:00:00+00:00,1.5998,1.6131,1.5998,1.6,205729.6
2025-12-14 09:00:00+00:00,1.6,1.6046,1.5965,1.6011,225974.8
2025-12-14 10:00:00+00:00,1.6014,1.6098,1.5886,1.6025,240679.7
2025-12-14 11:00:00+00:00,1.6027,1.6043,1.5704,1.5997,488732.6
2025-12-14 12:00:00+00:00,1.6001,1.6279,1.5908,1.6199,579486.3
2025-12-14 13:00:00+00:00,1.6193,1.6279,1.6054,1.6272,390448.2
2025-12-14 14:00:00+00:00,1.6275,1.6429,1.5877,1.5979,608139.4
2025-12-14 15:00:00+00:00,1.5981,1.605,1.5817,1.5859,409293.2
2025-12-14 16:00:00+00:00,1.586,1.6044,1.5771,1.5852,436684.9
2025-12-14 17:00:00+00:00,1.5856,1.5872,1.5631,1.5654,400036.8
2025-12-14 18:00:00+00:00,1.5653,1.5818,1.5642,1.5804,475738.4
2025-12-14 19:00:00+00:00,1.5804,1.5804,1.5563,1.5628,331222.0
2025-12-14 20:00:00+00:00,1.5628,1.5736,1.5522,1.564,439115.2
2025-12-14 21:00:00+00:00,1.5628,1.5712,1.5549,1.5592,274830.1
2025-12-14 22:00:00+00:00,1.56,1.5683,1.5483,1.5609,488572.8
2025-12-14 23:00:00+00:00,1.5615,1.5691,1.5252,1.5529,658143.8
2025-12-15 00:00:00+00:00,1.5534,1.5761,1.5478,1.5662,531338.4
2025-12-15 01:00:00+00:00,1.5669,1.5929,1.5622,1.5849,391455.0
2025-12-15 02:00:00+00:00,1.5839,1.6045,1.574,1.5754,405638.6
2025-12-15 03:00:00+00:00,1.5755,1.5814,1.558,1.5695,320046.7
2025-12-15 04:00:00+00:00,1.5697,1.5858,1.5627,1.5776,332002.3
2025-12-15 05:00:00+00:00,1.578,1.5829,1.57,1.5721,203806.4
2025-12-15 06:00:00+00:00,1.5723,1.5762,1.5666,1.5709,302505.8
2025-12-15 07:00:00+00:00,1.5717,1.5737,1.5582,1.5661,314480.88532079
2025-12-15 08:00:00+00:00,1.5658,1.5721,1.56,1.5664,215410.7
2025-12-15 09:00:00+00:00,1.5663,1.578,1.5654,1.573,246078.1
2025-12-15 10:00:00+00:00,1.573,1.5792,1.5673,1.5731,329808.85024872
2025-12-15 11:00:00+00:00,1.5731,1.575,1.5614,1.5652,177575.3
2025-12-15 12:00:00+00:00,1.5655,1.5751,1.5573,1.5737,304204.7
2025-12-15 13:00:00+00:00,1.5738,1.5748,1.5522,1.5604,357884.9
2025-12-15 14:00:00+00:00,1.5603,1.5802,1.5126,1.5273,722848.5
2025-12-15 15:00:00+00:00,1.5267,1.5291,1.4654,1.4863,1400821.38555023
2025-12-15 16:00:00+00:00,1.4864,1.493,1.4645,1.4727,519354.5
2025-12-15 17:00:00+00:00,1.4735,1.4782,1.4544,1.4589,501151.8
2025-12-15 18:00:00+00:00,1.4584,1.4584,1.4306,1.4557,427445.5
2025-12-15 19:00:00+00:00,1.4559,1.4716,1.4551,1.4606,399715.7
2025-12-15 20:00:00+00:00,1.4606,1.4606,1.4415,1.4469,401956.2
2025-12-15 21:00:00+00:00,1.4469,1.4586,1.4434,1.4552,291788.5
2025-12-15 22:00:00+00:00,1.4549,1.4596,1.4488,1.4581,389899.5
2025-12-15 23:00:00+00:00,1.4584,1.4738,1.4576,1.4707,436200.8
2025-12-16 00:00:00+00:00,1.4699,1.4784,1.4484,1.4508,340597.7
2025-12-16 01:00:00+00:00,1.451,1.4605,1.4468,1.4549,311096.2
2025-12-16 02:00:00+00:00,1.454,1.4624,1.4407,1.457,333021.1
2025-12-16 03:00:00+00:00,1.4571,1.4601,1.4408,1.4563,321322.6
2025-12-16 04:00:00+00:00,1.4563,1.4609,1.438,1.4609,347234.99237959
2025-12-16 05:00:00+00:00,1.4609,1.4682,1.4574,1.4632,304882.2
2025-12-16 06:00:00+00:00,1.4633,1.4816,1.4629,1.4753,282067.0
2025-12-16 07:00:00+00:00,1.4755,1.4818,1.4498,1.4543,458441.8
2025-12-16 08:00:00+00:00,1.4543,1.474,1.4534,1.4655,298480.1
2025-12-16 09:00:00+00:00,1.4661,1.4732,1.4651,1.4669,211502.4
2025-12-16 10:00:00+00:00,1.4678,1.5017,1.4629,1.4934,384807.5
2025-12-16 11:00:00+00:00,1.4945,1.5184,1.4843,1.5147,360445.6
2025-12-16 12:00:00+00:00,1.5147,1.525,1.4999,1.5026,438858.2
2025-12-16 13:00:00+00:00,1.5022,1.5296,1.4879,1.4882,732029.2
2025-12-16 14:00:00+00:00,1.4887,1.5272,1.4784,1.5151,733637.5
2025-12-16 15:00:00+00:00,1.5157,1.5343,1.5007,1.5258,857474.91441064
2025-12-16 16:00:00+00:00,1.5261,1.5271,1.501,1.5107,466126.9
2025-12-16 17:00:00+00:00,1.5108,1.5254,1.498,1.4987,416462.3
2025-12-16 18:00:00+00:00,1.4994,1.5243,1.4994,1.5141,379874.7
2025-12-16 19:00:00+00:00,1.5141,1.5151,1.5,1.5099,468224.1
2025-12-16 20:00:00+00:00,1.51,1.5265,1.5024,1.5128,490199.1
2025-12-16 21:00:00+00:00,1.5125,1.5184,1.5088,1.5123,357375.0
2025-12-16 22:00:00+00:00,1.5115,1.515,1.507,1.5087,223350.6
2025-12-16 23:00:00+00:00,1.5088,1.5139,1.5035,1.5112,291287.4
2025-12-17 00:00:00+00:00,1.5114,1.5114,1.4925,1.4971,263923.5
2025-12-17 01:00:00+00:00,1.4977,1.5152,1.4951,1.4978,261497.4
2025-12-17 02:00:00+00:00,1.4982,1.5026,1.4883,1.5003,282810.9
2025-12-17 03:00:00+00:00,1.5007,1.5058,1.4817,1.4905,333493.48868535
2025-12-17 04:00:00+00:00,1.4904,1.4935,1.4745,1.478,340386.6
2025-12-17 05:00:00+00:00,1.4778,1.4837,1.4681,1.4781,294019.6
2025-12-17 06:00:00+00:00,1.4778,1.4891,1.4775,1.4816,318280.6
2025-12-17 07:00:00+00:00,1.4819,1.4881,1.4755,1.4853,273172.1
2025-12-17 08:00:00+00:00,1.4853,1.4853,1.4669,1.47,275598.8
2025-12-17 09:00:00+00:00,1.4703,1.4724,1.4636,1.4669,246938.2
2025-12-17 10:00:00+00:00,1.4673,1.4751,1.4613,1.468,342770.0
2025-12-17 11:00:00+00:00,1.468,1.4811,1.4669,1.4783,293233.0
2025-12-17 12:00:00+00:00,1.4784,1.4843,1.471,1.4737,281368.1
2025-12-17 13:00:00+00:00,1.4736,1.497,1.4697,1.4898,347256.4
2025-12-17 14:00:00+00:00,1.4898,1.5297,1.4621,1.5272,888712.2
2025-12-17 15:00:00+00:00,1.5272,1.5452,1.4669,1.4741,1279351.8
2025-12-17 16:00:00+00:00,1.4738,1.484,1.4297,1.4533,927237.3
2025-12-17 17:00:00+00:00,1.453,1.4592,1.4247,1.4297,628404.1
2025-12-17 18:00:00+00:00,1.43,1.4442,1.4079,1.4117,612313.3
2025-12-17 19:00:00+00:00,1.4125,1.4267,1.4021,1.4248,701589.0
2025-12-17 20:00:00+00:00,1.4249,1.4413,1.4194,1.4277,544508.3
2025-12-17 21:00:00+00:00,1.4276,1.4324,1.4137,1.4175,257532.3
2025-12-17 22:00:00+00:00,1.4185,1.4287,1.4111,1.4248,397644.6
2025-12-17 23:00:00+00:00,1.4247,1.4248,1.4138,1.4234,185939.5
2025-12-18 00:00:00+00:00,1.424,1.4254,1.4176,1.4216,224797.3
2025-12-18 01:00:00+00:00,1.4216,1.4216,1.4066,1.4094,334753.1
2025-12-18 02:00:00+00:00,1.4102,1.4238,1.4051,1.4176,318030.6
2025-12-18 03:00:00+00:00,1.4176,1.4176,1.3973,1.4085,401570.7
2025-12-18 04:00:00+00:00,1.4088,1.4148,1.4078,1.4113,243631.2
2025-12-18 05:00:00+00:00,1.4113,1.4138,1.3922,1.3961,302278.2
2025-12-18 06:00:00+00:00,1.3955,1.4018,1.393,1.3972,233247.5
2025-12-18 07:00:00+00:00,1.397,1.4038,1.3919,1.3978,309343.0
2025-12-18 08:00:00+00:00,1.3981,1.4091,1.3941,1.4014,340011.0
2025-12-18 09:00:00+00:00,1.4009,1.4107,1.396,1.4058,371690.6
2025-12-18 10:00:00+00:00,1.4061,1.4109,1.4026,1.4087,246425.7
2025-12-18 11:00:00+00:00,1.409,1.4091,1.3971,1.4015,217670.6
2025-12-18 12:00:00+00:00,1.4018,1.4159,1.3988,1.4128,214612.4
2025-12-18 13:00:00+00:00,1.4131,1.4603,1.4126,1.4564,993336.55535498
2025-12-18 14:00:00+00:00,1.4587,1.4747,1.4231,1.4362,730353.0
2025-12-18 15:00:00+00:00,1.4374,1.4604,1.421,1.4361,632863.6
2025-12-18 16:00:00+00:00,1.4364,1.441,1.4124,1.423,474974.4
2025-12-18 17:00:00+00:00,1.4228,1.4231,1.3478,1.3792,1424959.1
2025-12-18 18:00:00+00:00,1.3783,1.3951,1.3643,1.3718,712584.2
2025-12-18 19:00:00+00:00,1.3706,1.3722,1.3272,1.3318,622304.1
2025-12-18 20:00:00+00:00,1.3309,1.3486,1.3295,1.3378,463809.1
2025-12-18 21:00:00+00:00,1.3382,1.3585,1.3382,1.3567,464248.9
2025-12-18 22:00:00+00:00,1.3572,1.362,1.3497,1.354,622579.8
2025-12-18 23:00:00+00:00,1.3536,1.3541,1.3421,1.3471,306490.2
2025-12-19 00:00:00+00:00,1.3468,1.3498,1.3309,1.3384,291589.79990958
2025-12-19 01:00:00+00:00,1.3384,1.3413,1.3286,1.3343,311087.6
2025-12-19 02:00:00+00:00,1.3341,1.3447,1.3289,1.3412,395646.5
2025-12-19 03:00:00+00:00,1.3409,1.3966,1.3389,1.3784,889110.2
2025-12-19 04:00:00+00:00,1.3785,1.3864,1.3759,1.3833,374628.0
2025-12-19 05:00:00+00:00,1.3834,1.3886,1.3751,1.3877,376218.0
2025-12-19 06:00:00+00:00,1.3882,1.4126,1.382,1.4121,365014.5
2025-12-19 07:00:00+00:00,1.4122,1.4552,1.412,1.4352,606728.5
2025-12-19 08:00:00+00:00,1.4349,1.4405,1.4223,1.4313,300977.1
2025-12-19 09:00:00+00:00,1.4301,1.431,1.4228,1.4285,299546.6
2025-12-19 10:00:00+00:00,1.4285,1.4349,1.4165,1.4244,293189.6
2025-12-19 11:00:00+00:00,1.4242,1.4323,1.419,1.4287,302249.50062465
2025-12-19 12:00:00+00:00,1.4293,1.4397,1.4221,1.4338,288034.6
2025-12-19 13:00:00+00:00,1.4349,1.4479,1.4311,1.4367,360925.7
2025-12-19 14:00:00+00:00,1.4371,1.4674,1.43,1.4559,671376.3
2025-12-19 15:00:00+00:00,1.4551,1.4797,1.4316,1.4359,717425.5
2025-12-19 16:00:00+00:00,1.4358,1.472,1.4336,1.4482,455134.2
2025-12-19 17:00:00+00:00,1.4483,1.4652,1.432,1.432,471481.81120715
2025-12-19 18:00:00+00:00,1.4333,1.4576,1.433,1.4526,363072.4
2025-12-19 19:00:00+00:00,1.4533,1.4903,1.4528,1.4789,565638.0
2025-12-19 20:00:00+00:00,1.4791,1.4979,1.4692,1.4902,418047.2
2025-12-19 21:00:00+00:00,1.4902,1.4903,1.474,1.4751,285010.2
2025-12-19 22:00:00+00:00,1.4759,1.4866,1.4754,1.4838,372215.4
2025-12-19 23:00:00+00:00,1.483,1.4866,1.4787,1.4823,181532.4
2025-12-20 00:00:00+00:00,1.4822,1.4825,1.4676,1.4687,203825.2
2025-12-20 01:00:00+00:00,1.4685,1.471,1.4654,1.4683,152260.6
2025-12-20 02:00:00+00:00,1.4683,1.4719,1.4642,1.4671,176053.9
2025-12-20 03:00:00+00:00,1.4671,1.4765,1.4631,1.4732,183040.7
2025-12-20 04:00:00+00:00,1.4731,1.4734,1.4576,1.4604,218799.4
2025-12-20 05:00:00+00:00,1.4605,1.4724,1.4591,1.4662,247665.2
2025-12-20 06:00:00+00:00,1.4661,1.4714,1.4627,1.4673,158672.6
2025-12-20 07:00:00+00:00,1.4671,1.4744,1.4617,1.4734,170436.1
2025-12-20 08:00:00+00:00,1.4734,1.4853,1.4733,1.4746,232179.0
2025-12-20 09:00:00+00:00,1.4739,1.4802,1.4735,1.4757,181510.0
2025-12-20 10:00:00+00:00,1.4757,1.4761,1.4636,1.4652,193861.6
2025-12-20 11:00:00+00:00,1.4653,1.4757,1.4644,1.4737,140112.5
2025-12-20 12:00:00+00:00,1.4739,1.4753,1.4659,1.4677,122338.8
2025-12-20 13:00:00+00:00,1.4677,1.4702,1.4553,1.4641,275879.6
2025-12-20 14:00:00+00:00,1.4644,1.4656,1.4537,1.4654,152596.8
2025-12-20 15:00:00+00:00,1.4653,1.4659,1.4561,1.4626,177190.7
2025-12-20 16:00:00+00:00,1.4627,1.4649,1.4561,1.4606,130587.5
2025-12-20 17:00:00+00:00,1.4609,1.4649,1.4543,1.4569,177069.2
2025-12-20 18:00:00+00:00,1.4571,1.4621,1.4542,1.4589,133610.8
2025-12-20 19:00:00+00:00,1.4593,1.4595,1.4517,1.4558,122107.8
2025-12-20 20:00:00+00:00,1.456,1.458,1.4543,1.4566,106593.4
2025-12-20 21:00:00+00:00,1.4569,1.4609,1.4545,1.4554,128592.5
2025-12-20 22:00:00+00:00,1.4555,1.4591,1.4521,1.4573,183033.1
2025-12-20 23:00:00+00:00,1.4571,1.4576,1.4518,1.4547,170086.1
2025-12-21 00:00:00+00:00,1.4542,1.4607,1.4538,1.4587,178675.4
2025-12-21 01:00:00+00:00,1.4585,1.4585,1.442,1.442,181914.5
2025-12-21 02:00:00+00:00,1.4419,1.4466,1.4354,1.4375,234303.4
2025-12-21 03:00:00+00:00,1.4376,1.4493,1.4367,1.4456,156363.6
2025-12-21 04:00:00+00:00,1.4453,1.4479,1.4402,1.4411,116200.9
2025-12-21 05:00:00+00:00,1.441,1.4448,1.4395,1.4401,136031.2
2025-12-21 06:00:00+00:00,1.4402,1.4442,1.4394,1.4419,133624.8
2025-12-21 07:00:00+00:00,1.4418,1.4438,1.44,1.4432,150040.1
2025-12-21 08:00:00+00:00,1.4433,1.4589,1.4385,1.453,211493.0
2025-12-21 09:00:00+00:00,1.4531,1.4775,1.4502,1.4708,377961.2
2025-12-21 10:00:00+00:00,1.4718,1.4768,1.4574,1.4601,304552.3
2025-12-21 11:00:00+00:00,1.4602,1.4659,1.457,1.4593,194887.6
2025-12-21 12:00:00+00:00,1.4595,1.4686,1.4433,1.45,259417.6
2025-12-21 13:00:00+00:00,1.4498,1.4502,1.4139,1.4225,510243.1
2025-12-21 14:00:00+00:00,1.4221,1.4384,1.4196,1.432,311336.9
2025-12-21 15:00:00+00:00,1.4321,1.4371,1.4216,1.4308,247294.0
2025-12-21 16:00:00+00:00,1.4306,1.4397,1.4235,1.4396,257026.7
2025-12-21 17:00:00+00:00,1.4397,1.4505,1.4387,1.4424,271510.0
2025-12-21 18:00:00+00:00,1.4421,1.4433,1.431,1.4433,203562.8
2025-12-21 19:00:00+00:00,1.4435,1.4491,1.4347,1.4457,263271.1
2025-12-21 20:00:00+00:00,1.4459,1.4459,1.4353,1.4357,149581.8
2025-12-21 21:00:00+00:00,1.4357,1.4431,1.4294,1.4336,388779.8
2025-12-21 22:00:00+00:00,1.4339,1.4467,1.4302,1.446,272131.2
2025-12-21 23:00:00+00:00,1.4465,1.4584,1.439,1.4449,293715.0
2025-12-22 00:00:00+00:00,1.4453,1.4833,1.4452,1.4534,643736.7
2025-12-22 01:00:00+00:00,1.453,1.4732,1.4504,1.4508,298042.3
2025-12-22 02:00:00+00:00,1.4513,1.4516,1.4298,1.4466,460767.6
2025-12-22 03:00:00+00:00,1.4469,1.4639,1.4427,1.4534,266616.5
2025-12-22 04:00:00+00:00,1.4534,1.4642,1.4526,1.4594,250695.6
2025-12-22 05:00:00+00:00,1.4596,1.4627,1.4479,1.4487,227523.9
2025-12-22 06:00:00+00:00,1.4485,1.4555,1.4453,1.4488,198282.3
2025-12-22 07:00:00+00:00,1.4481,1.4609,1.4474,1.4551,261916.0
2025-12-22 08:00:00+00:00,1.4548,1.4716,1.4531,1.4532,393617.5
2025-12-22 09:00:00+00:00,1.4538,1.4639,1.4531,1.4634,289816.2
2025-12-22 10:00:00+00:00,1.4639,1.4755,1.4602,1.4681,347631.2
2025-12-22 11:00:00+00:00,1.4683,1.4764,1.4628,1.4693,309590.9
2025-12-22 12:00:00+00:00,1.4694,1.4882,1.467,1.4764,382527.5
2025-12-22 13:00:00+00:00,1.4765,1.4792,1.4638,1.4725,333579.4
2025-12-22 14:00:00+00:00,1.4726,1.4879,1.4663,1.4807,365652.2
2025-12-22 15:00:00+00:00,1.481,1.4917,1.4665,1.4816,474153.0
2025-12-22 16:00:00+00:00,1.4821,1.49,1.4743,1.4752,413957.2
2025-12-22 17:00:00+00:00,1.4755,1.478,1.4664,1.4716,276687.8
2025-12-22 18:00:00+00:00,1.4718,1.4792,1.4652,1.4668,318833.2
2025-12-22 19:00:00+00:00,1.4666,1.4681,1.4361,1.4387,479866.1
2025-12-22 20:00:00+00:00,1.4385,1.4474,1.4317,1.4395,364618.1
2025-12-22 21:00:00+00:00,1.4389,1.4561,1.4387,1.4485,286252.0
2025-12-22 22:00:00+00:00,1.4484,1.4617,1.4447,1.4591,398612.5
2025-12-22 23:00:00+00:00,1.4591,1.4633,1.4549,1.4627,282033.29927458
2025-12-23 00:00:00+00:00,1.4625,1.471,1.4602,1.4625,207048.9
2025-12-23 01:00:00+00:00,1.4621,1.4638,1.4533,1.4579,247568.6
2025-12-23 02:00:00+00:00,1.4579,1.4632,1.4433,1.4438,278871.3
2025-12-23 03:00:00+00:00,1.444,1.4525,1.4362,1.4485,317035.39966368
2025-12-23 04:00:00+00:00,1.4483,1.4534,1.4388,1.4392,233668.7
2025-12-23 05:00:00+00:00,1.4389,1.4399,1.4258,1.4371,274985.3
2025-12-23 06:00:00+00:00,1.4364,1.4415,1.4281,1.4366,370012.2
2025-12-23 07:00:00+00:00,1.4366,1.442,1.425,1.4274,334764.2
2025-12-23 08:00:00+00:00,1.4278,1.4391,1.4268,1.4303,228904.9
2025-12-23 09:00:00+00:00,1.4303,1.4354,1.426,1.433,215633.1
2025-12-23 10:00:00+00:00,1.4328,1.4388,1.4312,1.4368,158674.7
2025-12-23 11:00:00+00:00,1.4367,1.4456,1.4358,1.444,199704.3
2025-12-23 12:00:00+00:00,1.444,1.4446,1.4342,1.4406,196984.9
2025-12-23 13:00:00+00:00,1.4406,1.4429,1.422,1.4268,344060.6
2025-12-23 14:00:00+00:00,1.4273,1.4345,1.4061,1.4188,386432.3
2025-12-23 15:00:00+00:00,1.4185,1.4413,1.4153,1.4316,444911.4
2025-12-23 16:00:00+00:00,1.4315,1.4476,1.4278,1.4436,426217.8
2025-12-23 17:00:00+00:00,1.4436,1.4479,1.4201,1.4211,254860.9
2025-12-23 18:00:00+00:00,1.4211,1.4435,1.4211,1.4425,322424.8
2025-12-23 19:00:00+00:00,1.4424,1.4477,1.4362,1.442,253957.5
2025-12-23 20:00:00+00:00,1.4422,1.4575,1.4383,1.4461,291568.1
2025-12-23 21:00:00+00:00,1.4461,1.4472,1.439,1.4411,220461.3
2025-12-23 22:00:00+00:00,1.4413,1.4438,1.4264,1.4309,196682.4
2025-12-23 23:00:00+00:00,1.4308,1.4377,1.4261,1.4362,196941.0
2025-12-24 00:00:00+00:00,1.4364,1.4378,1.4297,1.4353,177813.0
2025-12-24 01:00:00+00:00,1.4355,1.4397,1.4268,1.4298,170089.8
2025-12-24 02:00:00+00:00,1.4297,1.4297,1.3972,1.4013,363154.2
2025-12-24 03:00:00+00:00,1.4013,1.4173,1.3951,1.414,267882.8
2025-12-24 04:00:00+00:00,1.4145,1.4183,1.4066,1.4072,196257.8
2025-12-24 05:00:00+00:00,1.4072,1.412,1.3987,1.4001,260614.0
2025-12-24 06:00:00+00:00,1.4,1.4089,1.3963,1.4065,194475.6
2025-12-24 07:00:00+00:00,1.4069,1.4111,1.4034,1.4034,150644.8
2025-12-24 08:00:00+00:00,1.4035,1.4064,1.3961,1.3987,187415.6
2025-12-24 09:00:00+00:00,1.3996,1.4054,1.3992,1.4023,257790.6
2025-12-24 10:00:00+00:00,1.4018,1.4134,1.4015,1.4084,174275.4
2025-12-24 11:00:00+00:00,1.4089,1.4169,1.4089,1.4123,155078.2
2025-12-24 12:00:00+00:00,1.4124,1.4194,1.4105,1.4182,135189.0
2025-12-24 13:00:00+00:00,1.4175,1.4175,1.404,1.4068,202207.1
2025-12-24 14:00:00+00:00,1.4073,1.4154,1.3885,1.4043,355951.8
2025-12-24 15:00:00+00:00,1.405,1.4233,1.4011,1.4148,415639.0
2025-12-24 16:00:00+00:00,1.4146,1.4287,1.4103,1.4198,416185.4
2025-12-24 17:00:00+00:00,1.4199,1.4245,1.4108,1.4115,200427.4
2025-12-24 18:00:00+00:00,1.4112,1.4152,1.4075,1.4135,169470.8
2025-12-24 19:00:00+00:00,1.4138,1.4178,1.4104,1.4169,135592.9
2025-12-24 20:00:00+00:00,1.4169,1.4218,1.4132,1.4136,127665.5
2025-12-24 21:00:00+00:00,1.4136,1.4202,1.4133,1.4183,138827.4
2025-12-24 22:00:00+00:00,1.4177,1.4287,1.4177,1.4247,198721.2
2025-12-24 23:00:00+00:00,1.4247,1.4255,1.4152,1.4154,154074.8
2025-12-25 00:00:00+00:00,1.4154,1.4163,1.4086,1.4094,163764.6
2025-12-25 01:00:00+00:00,1.41,1.4169,1.4094,1.4151,128078.4
2025-12-25 02:00:00+00:00,1.4151,1.4219,1.411,1.4195,114079.1
2025-12-25 03:00:00+00:00,1.4193,1.4219,1.4138,1.418,127996.4
2025-12-25 04:00:00+00:00,1.4176,1.4204,1.4138,1.4196,118619.5
2025-12-25 05:00:00+00:00,1.4193,1.4194,1.412,1.4145,133132.9
2025-12-25 06:00:00+00:00,1.4143,1.417,1.4106,1.4156,122621.2
2025-12-25 07:00:00+00:00,1.4159,1.4159,1.4073,1.4118,128806.8
2025-12-25 08:00:00+00:00,1.4115,1.4193,1.4021,1.4092,260614.1
2025-12-25 09:00:00+00:00,1.4092,1.41,1.4062,1.4082,124473.0
2025-12-25 10:00:00+00:00,1.408,1.408,1.3906,1.3953,242852.9
2025-12-25 11:00:00+00:00,1.3951,1.4022,1.3945,1.3993,171850.0
2025-12-25 12:00:00+00:00,1.399,1.405,1.3979,1.405,146349.0
2025-12-25 13:00:00+00:00,1.405,1.4058,1.3974,1.4004,166010.4
2025-12-25 14:00:00+00:00,1.4002,1.403,1.3945,1.4004,145919.8
2025-12-25 15:00:00+00:00,1.4006,1.4261,1.3961,1.416,451402.0
2025-12-25 16:00:00+00:00,1.4164,1.4235,1.4055,1.4068,384708.8
2025-12-25 17:00:00+00:00,1.4071,1.4141,1.4039,1.4114,173655.1
2025-12-25 18:00:00+00:00,1.4117,1.4174,1.4109,1.412,230976.99180936
2025-12-25 19:00:00+00:00,1.412,1.4123,1.4075,1.4114,108653.8
2025-12-25 20:00:00+00:00,1.4115,1.4129,1.4042,1.4081,131513.6
2025-12-25 21:00:00+00:00,1.4082,1.41,1.4051,1.4067,83674.0
2025-12-25 22:00:00+00:00,1.4071,1.4075,1.3568,1.3693,590659.1
2025-12-25 23:00:00+00:00,1.3699,1.3764,1.3538,1.3634,355550.1
2025-12-26 00:00:00+00:00,1.363,1.3699,1.3569,1.3665,291035.0
2025-12-26 01:00:00+00:00,1.3664,1.3731,1.3651,1.3719,208483.2
2025-12-26 02:00:00+00:00,1.372,1.4193,1.3708,1.4086,699761.5
2025-12-26 03:00:00+00:00,1.4096,1.4126,1.3982,1.4029,366433.8
2025-12-26 04:00:00+00:00,1.4036,1.4095,1.3928,1.4065,245855.3
2025-12-26 05:00:00+00:00,1.4069,1.4073,1.3999,1.4043,183476.1
2025-12-26 06:00:00+00:00,1.4043,1.4118,1.4043,1.408,213214.7
2025-12-26 07:00:00+00:00,1.407,1.4136,1.3951,1.3986,271547.7
2025-12-26 08:00:00+00:00,1.3984,1.4057,1.3984,1.4048,222347.8
2025-12-26 09:00:00+00:00,1.4047,1.4143,1.4024,1.4139,186053.9
2025-12-26 10:00:00+00:00,1.4139,1.4146,1.4073,1.4109,127920.0
2025-12-26 11:00:00+00:00,1.4109,1.4109,1.4039,1.4058,141145.9
2025-12-26 12:00:00+00:00,1.4061,1.4094,1.4042,1.4062,145845.7
2025-12-26 13:00:00+00:00,1.4064,1.4132,1.4044,1.4103,197340.1
2025-12-26 14:00:00+00:00,1.4106,1.4113,1.3765,1.3823,402089.6
2025-12-26 15:00:00+00:00,1.3821,1.3927,1.3701,1.3885,526108.3
2025-12-26 16:00:00+00:00,1.3887,1.3914,1.375,1.376,303734.3
2025-12-26 17:00:00+00:00,1.3769,1.3882,1.3754,1.3814,273339.9
2025-12-26 18:00:00+00:00,1.3815,1.3905,1.3808,1.3866,186258.3
2025-12-26 19:00:00+00:00,1.3863,1.3943,1.3827,1.3931,150801.7
2025-12-26 20:00:00+00:00,1.393,1.4034,1.3914,1.3991,207416.0
2025-12-26 21:00:00+00:00,1.399,1.4023,1.3949,1.3961,141167.7
2025-12-26 22:00:00+00:00,1.396,1.3999,1.3911,1.3979,409240.7
2025-12-26 23:00:00+00:00,1.3973,1.4009,1.397,1.3982,91987.6
2025-12-27 00:00:00+00:00,1.3981,1.4015,1.3977,1.3999,140104.9
2025-12-27 01:00:00+00:00,1.3999,1.4003,1.396,1.3997,99431.2
2025-12-27 02:00:00+00:00,1.3997,1.4001,1.3966,1.3983,111815.4
2025-12-27 03:00:00+00:00,1.3982,1.4083,1.3972,1.4079,154019.4
2025-12-27 04:00:00+00:00,1.4084,1.4106,1.4029,1.4042,118809.9
2025-12-27 05:00:00+00:00,1.4045,1.4073,1.4029,1.4064,130613.0
2025-12-27 06:00:00+00:00,1.4064,1.4064,1.4001,1.4018,82354.4
2025-12-27 07:00:00+00:00,1.4016,1.4065,1.3999,1.4017,94930.7
2025-12-27 08:00:00+00:00,1.4017,1.4046,1.3997,1.4005,93369.9
2025-12-27 09:00:00+00:00,1.4006,1.4089,1.4004,1.406,177187.4
2025-12-27 10:00:00+00:00,1.4059,1.4104,1.3937,1.4095,360575.1
2025-12-27 11:00:00+00:00,1.4096,1.4162,1.4068,1.4113,170107.96503938
2025-12-27 12:00:00+00:00,1.4123,1.4168,1.4123,1.4152,309342.7
2025-12-27 13:00:00+00:00,1.4152,1.4182,1.4096,1.4145,293170.1
2025-12-27 14:00:00+00:00,1.4144,1.425,1.4128,1.4237,196125.2
2025-12-27 15:00:00+00:00,1.4237,1.4285,1.4212,1.4253,184037.4
2025-12-27 16:00:00+00:00,1.4265,1.43,1.4211,1.4217,217593.3
2025-12-27 17:00:00+00:00,1.4219,1.428,1.4215,1.4278,151080.4
2025-12-27 18:00:00+00:00,1.4277,1.4279,1.4207,1.4212,133462.3
2025-12-27 19:00:00+00:00,1.4217,1.4234,1.4191,1.4217,99272.6
2025-12-27 20:00:00+00:00,1.4217,1.4274,1.418,1.4195,115699.8
2025-12-27 21:00:00+00:00,1.4195,1.4326,1.4195,1.431,140829.9
2025-12-27 22:00:00+00:00,1.4313,1.4486,1.4313,1.4337,415141.0
2025-12-27 23:00:00+00:00,1.4334,1.458,1.4334,1.4511,476604.9
2025-12-28 00:00:00+00:00,1.4534,1.4559,1.4464,1.4478,180787.9
2025-12-28 01:00:00+00:00,1.448,1.4519,1.4411,1.4425,153937.9
2025-12-28 02:00:00+00:00,1.442,1.4564,1.4417,1.45,174733.3
2025-12-28 03:00:00+00:00,1.4499,1.4539,1.4461,1.452,137566.7
2025-12-28 04:00:00+00:00,1.452,1.4539,1.4485,1.4501,92997.8
2025-12-28 05:00:00+00:00,1.4498,1.4514,1.4452,1.4474,113317.2
2025-12-28 06:00:00+00:00,1.4472,1.4559,1.447,1.4546,195182.2
